year,country,WEF_defacto_score,EF_PR_dejure_score,treatment_TRIPS,TRIPS_law_conformity,non_TRIPS_sum,EF_overall_score,EF_trade_freedom,borders_treated
2006,Albania,-1.703995614,-0.765079462,0,1,0,-0.209928873,-1.278331339,0
2007,Albania,-1.520517595,-0.765079462,0,1,0,-0.106888654,-0.242513019,0
2008,Albania,-1.337039576,-0.765079462,0,1,0,-0.013215727,0.00685065,0
2009,Albania,-1.245300566,-0.765079462,0,1,0,0.108559078,0.00685065,0
2011,Albania,-0.786605518,-0.543145545,0,1,0,0.136660956,0.390487065,1
2012,Albania,-0.786605518,-0.543145545,0,1,0,0.239701175,0.390487065,1
2013,Albania,-0.878344527,-0.765079462,0,1,0,0.249068468,0.390487065,1
2014,Albania,-0.878344527,-0.765079462,0,1,0,0.408312443,1.128987163,1
2015,Albania,-0.603127499,-0.765079462,0,1,0,0.295904931,1.157759894,1
2016,Albania,-0.511388489,-0.543145545,0,1,0,0.314639516,1.138578073,1
2017,Albania,-0.419649479,0.300203341,0,1,0,0.174130126,1.148168984,1
2018,Albania,-0.32791047,0.304642019,0,1,0,0.183497419,1.157759894,1
2019,Albania,-0.694866508,0.335712768,0,1,0,0.370843272,1.157759894,1
2006,Algeria,-0.878344527,-0.765079462,0,1,0,-0.640824336,-1.412604084,0
2007,Algeria,-0.786605518,-0.765079462,0,1,0,-0.668926214,-0.933058565,0
2008,Algeria,-1.245300566,-0.765079462,0,1,0,-0.593987873,-0.664513075,0
2009,Algeria,-1.153561556,-0.765079462,0,1,0,-0.556518702,-0.683694896,0
2011,Algeria,-1.520517595,-0.765079462,0,1,0,-0.949944994,-0.280876661,0
2012,Algeria,-1.887473633,-0.765079462,0,1,0,-1.081087092,-0.280876661,0
2013,Algeria,-1.520517595,-0.765079462,0,1,0,-1.212229189,-0.760422179,0
2014,Algeria,-0.878344527,-0.765079462,0,1,0,-1.099821677,-1.431785904,0
2015,Algeria,-0.511388489,-0.765079462,0,1,0,-1.277800238,-1.431785904,0
2016,Algeria,-0.419649479,-0.987013379,0,1,0,-1.165392726,-1.431785904,0
2017,Algeria,-0.144432451,-0.401107838,0,1,0,-1.502615262,-1.192013145,0
2018,Algeria,-0.052693441,-0.862730385,0,1,0,-1.67122653,-1.172831325,0
2019,Algeria,0.130784578,-0.694060608,0,1,0,-1.53071714,-0.79878582,0
2006,Argentina,-0.786605518,-0.765079462,0,1,0,-0.856272067,-0.79878582,0
2007,Argentina,-0.970083537,-0.765079462,0,1,0,-0.800068311,-1.374240442,0
2008,Argentina,-1.061822547,-0.765079462,0,1,0,-0.781333726,-0.587785792,0
2009,Argentina,-1.245300566,-1.208947296,0,1,0,-0.959312287,-0.549422151,0
2011,Argentina,-1.245300566,-1.208947296,0,1,2,-1.015516043,-0.597376703,0
2012,Argentina,-1.337039576,-1.208947296,0,1,21,-1.362105872,-0.779604,0
2013,Argentina,-1.428778585,-1.430881213,0,1,26,-1.483880676,-0.779604,0
2014,Argentina,-1.337039576,-1.430881213,0,1,28,-1.680593822,-0.654922165,0
2015,Argentina,-0.786605518,-1.430881213,0,1,29,-1.727430286,-0.664513075,0
2016,Argentina,-0.23617146,-1.430881213,0,1,30,-1.755532164,-0.79878582,0
2017,Argentina,-0.144432451,-0.658551181,0,1,30,-1.137290848,-0.865922193,0
2018,Argentina,-0.144432451,-0.285702201,0,1,30,-0.959312287,-0.52064942,0
2019,Argentina,0.039045569,0.025005284,0,1,30,-0.96867958,-0.549422151,0
2006,Armenia,-1.245300566,0.122656207,0,1,0,0.754902272,0.467214348,0
2007,Armenia,-1.061822547,-0.765079462,0,1,0,0.567556418,0.946759866,0
2008,Armenia,-1.061822547,-0.543145545,0,1,0,0.689331223,0.889214404,0
2009,Armenia,-1.061822547,-0.543145545,0,1,0,0.689331223,1.023487149,0
2011,Armenia,-0.786605518,-0.765079462,0,1,1,0.670596638,0.937168956,0
2012,Armenia,-0.419649479,-0.765079462,0,1,1,0.586291004,0.927578045,0
2013,Armenia,-0.23617146,-0.765079462,0,1,1,0.64249476,0.927578045,0
2014,Armenia,-0.32791047,-0.765079462,0,1,1,0.595658296,0.937168956,0
2015,Armenia,-0.32791047,-1.208947296,0,1,1,0.427047028,0.927578045,0
2016,Armenia,-0.052693441,-1.208947296,0,1,1,0.417679736,0.946759866,0
2017,Armenia,0.130784578,0.366783516,0,1,1,0.726800394,0.428850706,0
2018,Armenia,0.222523588,0.357906159,0,1,1,0.576923711,0.409668886,0
2019,Armenia,0.314262597,0.442241048,0,1,3,0.483250784,0.486396168,1
2006,Australia,1.782086751,1.898127545,0,1,0,1.62606049,0.160305216,0
2007,Australia,1.873825761,1.898127545,0,1,1,1.738468002,0.774123479,0
2008,Australia,1.873825761,1.898127545,0,1,1,1.841508221,0.774123479,0
2009,Australia,1.782086751,1.898127545,0,1,1,1.878977392,0.870032583,0
2011,Australia,1.323391703,1.898127545,0,1,1,1.869610099,0.831668942,0
2012,Australia,1.323391703,1.898127545,1,1,7,1.925813856,1.004305328,0
2013,Australia,1.323391703,1.898127545,1,1,11,1.878977392,1.004305328,0
2014,Australia,1.506869722,1.898127545,1,1,11,1.822773636,1.023487149,0
2015,Australia,1.782086751,1.898127545,1,1,11,1.76656988,1.023487149,0
2016,Australia,1.782086751,1.898127545,1,1,11,1.663529661,1.023487149,0
2017,Australia,1.782086751,1.529717242,1,1,12,1.729100709,1.004305328,0
2018,Australia,1.782086751,1.396556892,1,1,12,1.719733417,1.004305328,0
2019,Australia,1.690347742,1.414311605,1,1,12,1.719733417,1.138578073,0
2006,Azerbaijan,-0.878344527,-0.765079462,0,1,0,-0.875006653,-0.300058481,0
2007,Azerbaijan,-0.786605518,-0.765079462,0,1,0,-0.743864555,0.179487037,0
2008,Azerbaijan,-0.32791047,-0.765079462,0,1,0,-0.678293507,0.25621432,0
2009,Azerbaijan,-0.052693441,-0.987013379,0,1,0,-0.425376605,0.25621432,0
2011,Azerbaijan,-0.144432451,-1.208947296,0,1,0,-0.266132629,0.131532485,0
2012,Azerbaijan,0.039045569,-1.208947296,0,1,0,-0.341070971,0.141123395,0
2013,Azerbaijan,-0.144432451,-0.987013379,0,1,0,-0.266132629,0.141123395,0
2014,Azerbaijan,-0.32791047,-1.208947296,0,1,0,-0.116255947,0.141123395,0
2015,Azerbaijan,-0.32791047,-1.208947296,0,1,0,-0.144357825,0.026032471,0
2016,Azerbaijan,0.222523588,-1.208947296,0,1,0,-0.219296166,0.00685065,0
2017,Azerbaijan,0.864696655,0.144849599,0,1,0,0.099191785,-0.127422095,0
2018,Azerbaijan,0.864696655,0.282448627,0,1,0,0.164762834,-0.108240274,0
2019,Azerbaijan,1.231652694,0.526575936,0,1,0,0.267803053,-0.108240274,1
2006,Bahrain,0.222523588,1.010391876,0,1,0,0.848575198,-0.587785792,0
2007,Bahrain,0.772957646,0.566524041,0,1,0,0.811106028,0.371305244,0
2008,Bahrain,0.956435665,0.566524041,0,1,0,0.904778954,0.486396168,0
2009,Bahrain,1.139913684,0.566524041,0,1,0,1.148328564,0.409668886,0
2011,Bahrain,1.323391703,0.566524041,0,1,0,1.419980051,0.678214376,0
2012,Bahrain,1.139913684,0.344590124,0,1,0,1.185797735,0.678214376,0
2013,Bahrain,0.864696655,0.344590124,0,1,0,1.213899613,0.678214376,0
2014,Bahrain,0.772957646,0.566524041,0,1,0,1.176430442,0.27539614,0
2015,Bahrain,0.864696655,0.566524041,0,1,0,1.017186467,0.27539614,0
2016,Bahrain,1.048174674,0.566524041,0,1,0,1.101492101,0.659032555,0
2017,Bahrain,1.048174674,0.752948532,1,0.5,2,0.558189126,0.678214376,1
2018,Bahrain,1.048174674,0.659736287,1,0.5,2,0.483250784,0.735759838,1
2019,Bahrain,1.231652694,0.721877784,1,0.5,2,0.36147598,0.774123479,1
2006,Bangladesh,-1.612256604,-0.765079462,0,1,0,-0.903108531,-2.64024061,0
2007,Bangladesh,-1.703995614,-0.765079462,0,1,0,-1.483880676,-7.263059406,0
2008,Bangladesh,-1.703995614,-0.987013379,0,1,0,-1.718062993,-7.263059406,0
2009,Bangladesh,-1.337039576,-0.987013379,0,1,0,-1.408942335,-3.407513439,0
2011,Bangladesh,-1.337039576,-1.208947296,0,1,0,-0.893741238,-1.700331395,0
2012,Bangladesh,-1.337039576,-1.208947296,0,1,0,-0.875006653,-2.083967809,0
2013,Bangladesh,-1.153561556,-1.208947296,0,1,0,-0.931210409,-2.083967809,0
2014,Bangladesh,-1.245300566,-1.208947296,0,1,0,-0.790701019,-1.604422291,0
2015,Bangladesh,-1.153561556,-1.208947296,0,1,0,-0.809435604,-1.604422291,0
2016,Bangladesh,-0.786605518,-1.208947296,0,1,0,-0.86563936,-1.163240414,0
2017,Bangladesh,-0.603127499,-0.547584223,0,1,0,-0.706395385,-1.163240414,0
2018,Bangladesh,-0.419649479,-0.658551181,0,1,0,-0.697028092,-1.393422263,0
2019,Bangladesh,-0.603127499,-0.494320083,0,1,0,-0.650191629,-1.163240414,0
2006,Botswana,-0.419649479,1.010391876,0,1,0,0.586291004,0.198668858,0
2007,Botswana,-0.694866508,1.010391876,0,1,0,0.520719955,-0.587785792,0
2008,Botswana,-0.511388489,1.010391876,0,1,0,0.530087248,-0.779604,0
2009,Botswana,0.039045569,1.232325793,0,1,0,0.670596638,-0.645331254,0
2011,Botswana,0.130784578,1.010391876,0,1,0,0.586291004,-0.050694812,0
2012,Botswana,0.222523588,1.010391876,0,1,0,0.661229345,0.380896154,0
2013,Botswana,0.222523588,1.010391876,0,1,0,0.754902272,0.380896154,0
2014,Botswana,0.314262597,1.010391876,0,1,0,0.886044369,0.668623465,0
2015,Botswana,0.406001607,1.010391876,0,1,0,0.67996393,-0.338422123,0
2016,Botswana,0.406001607,1.010391876,0,1,0,0.801738735,0.7933053,0
2017,Botswana,0.314262597,0.482189153,0,1,0,0.708065808,0.774123479,0
2018,Botswana,0.222523588,0.46443444,0,1,0,0.689331223,0.78371439,0
2019,Botswana,0.222523588,0.482189153,0,1,0,0.651862052,0.774123479,0
2006,Brazil,-0.419649479,0.122656207,0,1,0,-0.153725117,-0.645331254,0
2007,Brazil,-0.511388489,0.122656207,0,1,3,-0.593987873,-0.568603972,0
2008,Brazil,-0.511388489,0.122656207,0,1,3,-0.593987873,-0.472694868,0
2009,Brazil,-0.786605518,0.122656207,0,1,3,-0.547151409,-0.395967585,0
2011,Brazil,-0.603127499,0.122656207,0,1,3,-0.58462058,-0.568603972,0
2012,Brazil,-0.32791047,0.122656207,0,1,3,-0.434743897,-0.578194882,0
2013,Brazil,-0.32791047,0.122656207,0,1,3,-0.453478483,-0.578194882,0
2014,Brazil,-0.511388489,0.122656207,0,1,6,-0.528416824,-0.616558523,0
2015,Brazil,-0.144432451,0.122656207,0,1,9,-0.556518702,-0.587785792,0
2016,Brazil,0.222523588,-0.09927771,0,1,9,-0.565885995,-0.606967613,0
2017,Brazil,0.314262597,0.344590124,0,1,9,-0.903108531,-0.606967613,0
2018,Brazil,0.130784578,0.380099551,0,1,9,-1.043617921,-0.693285806,0
2019,Brazil,-0.052693441,0.446679726,0,1,9,-0.996781458,-0.645331254,0
2006,Burundi,-1.703995614,-0.765079462,0,1,0,-1.296534823,-1.892149602,0
2007,Burundi,-1.612256604,-0.765079462,0,1,0,-1.465146091,-1.450967725,0
2008,Burundi,-1.520517595,-0.765079462,0,1,0,-1.53071714,-2.448422403,0
2009,Burundi,-1.612256604,-0.765079462,0,1,0,-1.28716753,-1.220785876,0
2011,Burundi,-1.795734624,-1.208947296,0,1,0,-1.212229189,0.294577961,0
2012,Burundi,-1.795734624,-1.208947296,0,1,0,-1.352738579,0.304168872,0
2013,Burundi,-1.428778585,-1.208947296,0,1,0,-1.268432945,0.304168872,0
2014,Burundi,-1.153561556,-1.208947296,0,1,0,-1.043617921,-0.376785764,0
2015,Burundi,-1.153561556,-1.208947296,0,1,0,-0.828170189,-0.338422123,0
2016,Burundi,-1.061822547,-1.208947296,0,1,0,-0.809435604,-0.146603916,0
2017,Burundi,-0.603127499,-0.955942631,0,1,0,-0.875006653,-0.146603916,0
2018,Burundi,-0.603127499,-1.315475576,0,1,0,-1.090454384,-0.626149434,0
2019,Burundi,-0.052693441,-1.182315226,0,1,0,-1.277800238,-0.722058537,0
2006,Cambodia,-1.245300566,-0.765079462,0,1,0,-0.547151409,-2.141513271,0
2007,Cambodia,-1.061822547,-0.765079462,0,1,0,-0.622089751,-2.256604196,0
2008,Cambodia,-1.061822547,-0.765079462,0,1,0,-0.622089751,-2.256604196,0
2009,Cambodia,-1.061822547,-0.765079462,0,1,0,-0.556518702,-1.182422235,0
2011,Cambodia,-0.694866508,-0.765079462,0,1,0,-0.434743897,-0.549422151,0
2012,Cambodia,-0.511388489,-0.765079462,0,1,0,-0.462845775,-1.009785848,0
2013,Cambodia,-0.603127499,-0.765079462,0,1,0,-0.378540141,-0.53024033,0
2014,Cambodia,-0.970083537,-0.765079462,0,1,0,-0.481580361,-0.453513047,0
2015,Cambodia,-0.970083537,-0.987013379,0,1,0,-0.472213068,-0.338422123,0
2016,Cambodia,-0.786605518,-0.987013379,0,1,0,-0.434743897,-0.338422123,0
2017,Cambodia,-0.694866508,-0.214683347,0,1,0,-0.284867215,0.438441617,0
2018,Cambodia,-0.511388489,-0.498758761,0,1,0,-0.359805556,0.438441617,0
2019,Cambodia,-0.32791047,-0.436617264,0,1,0,-0.44411119,-0.990604028,0
2006,Cameroon,-0.419649479,-0.765079462,0,1,0,-0.743864555,-2.007240526,0
2007,Cameroon,-0.32791047,-0.765079462,0,1,0,-0.650191629,-1.508513187,0
2008,Cameroon,-0.694866508,-0.765079462,0,1,0,-0.771966433,-1.796240498,0
2009,Cameroon,-1.153561556,-0.765079462,0,1,0,-0.893741238,-1.892149602,0
2011,Cameroon,-0.786605518,-0.765079462,0,1,0,-1.00614875,-1.546876829,0
2012,Cameroon,-0.694866508,-0.765079462,0,1,0,-1.00614875,-1.997649616,0
2013,Cameroon,-0.603127499,-0.765079462,0,1,0,-0.959312287,-1.997649616,0
2014,Cameroon,-0.419649479,-0.765079462,0,1,0,-0.931210409,-1.393422263,0
2015,Cameroon,0.039045569,-0.987013379,0,1,0,-0.996781458,-1.546876829,0
2016,Cameroon,0.406001607,-0.987013379,0,1,0,-0.781333726,-1.355058621,0
2017,Cameroon,0.589479626,-0.165857885,0,1,0,-1.00614875,-2.141513271,0
2018,Cameroon,0.406001607,-0.294579557,0,1,0,-0.996781458,-2.141513271,0
2019,Cameroon,0.222523588,-0.210244669,0,1,0,-0.949944994,-2.141513271,0
2006,Canada,1.598608732,1.898127545,0,1,2,1.391878173,0.716578017,0
2007,Canada,1.690347742,1.898127545,0,1,4,1.448081929,1.196123535,0
2008,Canada,1.598608732,1.898127545,0,1,4,1.654162368,1.081032611,0
2009,Canada,1.506869722,1.898127545,0,1,4,1.682264246,1.196123535,0
2011,Canada,1.415130713,1.898127545,0,1,10,1.710366124,1.186532625,0
2012,Canada,1.415130713,1.898127545,0,1,10,1.62606049,1.167350804,0
2013,Canada,1.598608732,1.898127545,0,1,10,1.579224027,1.196123535,0
2014,Canada,1.690347742,1.898127545,0,1,12,1.654162368,1.205714446,0
2015,Canada,1.782086751,1.898127545,0,1,12,1.551122149,1.215305356,0
2016,Canada,1.873825761,1.898127545,0,1,12,1.448081929,1.081032611,0
2017,Canada,1.782086751,1.822670013,0,1,15,1.494918393,1.215305356,0
2018,Canada,1.598608732,1.787160586,0,1,17,1.419980051,1.186532625,0
2019,Canada,1.506869722,1.764967194,0,1,17,1.419980051,1.06185079,0
2006,Chad,-1.703995614,-0.765079462,0,1,0,-1.174760018,-1.796240498,0
2007,Chad,-1.612256604,-1.208947296,0,1,0,-1.165392726,-1.58524047,0
2008,Chad,-1.612256604,-1.208947296,0,1,0,-1.380840457,-1.508513187,0
2009,Chad,-1.520517595,-1.208947296,0,1,0,-1.408942335,-1.661967753,0
2011,Chad,-1.428778585,-1.208947296,0,1,0,-1.615022774,-1.930513243,0
2012,Chad,-1.612256604,-1.208947296,0,1,0,-1.661859237,-1.930513243,0
2013,Chad,-1.520517595,-1.208947296,0,1,0,-1.624390066,-1.930513243,0
2014,Chad,-1.245300566,-1.208947296,0,1,0,-1.689961115,-1.968876885,0
2015,Chad,-0.970083537,-1.208947296,0,1,0,-1.558819018,-1.968876885,0
2016,Chad,-0.970083537,-1.208947296,0,1,0,-1.521349847,-2.486786044,0
2017,Chad,-0.878344527,-0.738447392,0,1,0,-1.268432945,-2.016831437,0
2018,Chad,-0.694866508,-0.982574701,0,1,0,-1.240331067,-2.256604196,0
2019,Chad,-0.694866508,-0.911555847,0,1,0,-1.184127311,-2.736149714,0
2006,Chile,0.130784578,1.898127545,0,1,0,1.448081929,0.179487037,0
2007,Chile,0.130784578,1.898127545,0,1,5,1.419980051,0.639850734,0
2008,Chile,-0.23617146,1.898127545,0,1,5,1.504285685,0.620668914,0
2009,Chile,-0.23617146,1.898127545,0,1,8,1.476183807,0.965941687,0
2011,Chile,-0.23617146,1.676193627,0,1,8,1.391878173,1.176941715,0
2012,Chile,-0.144432451,1.898127545,0,1,8,1.476183807,0.601487093,0
2013,Chile,-0.052693441,1.898127545,0,1,8,1.541754856,0.601487093,0
2014,Chile,0.039045569,1.898127545,0,1,8,1.513652978,0.601487093,0
2015,Chile,0.314262597,1.898127545,0,1,8,1.494918393,0.601487093,0
2016,Chile,0.406001607,1.676193627,0,1,8,1.419980051,1.023487149,0
2017,Chile,0.497740617,0.930495666,0,1,8,1.307572539,1.023487149,0
2018,Chile,0.589479626,0.917179631,0,1,8,1.185797735,1.244078087,0
2019,Chile,0.772957646,0.952689057,0,1,8,1.20453232,1.253668998,0
2006,China,-0.603127499,-0.765079462,0,1,10,-0.837537482,-0.741240358,0
2007,China,-0.419649479,-1.208947296,1,0.5,21,-0.987414165,-0.741240358,0
2008,China,0.039045569,-1.208947296,1,0.5,26,-0.884373946,-0.53024033,0
2009,China,0.130784578,-1.208947296,1,1,44,-0.875006653,-0.415149406,0
2011,China,0.130784578,-1.208947296,1,1,58,-0.987414165,-0.395967585,0
2012,China,0.039045569,-1.208947296,1,1,73,-1.062352506,-0.395967585,0
2013,China,0.039045569,-1.208947296,1,1,78,-0.996781458,-0.357603944,0
2014,China,0.130784578,-1.208947296,1,1,80,-0.940577702,-0.376785764,0
2015,China,0.130784578,-1.208947296,1,1,81,-0.921843116,-0.376785764,0
2016,China,0.406001607,-1.208947296,1,1,88,-0.987414165,-0.280876661,0
2017,China,0.589479626,0.047198675,1,1,92,-0.481580361,-0.204149378,0
2018,China,0.589479626,-0.023820178,1,0.5,95,-0.44411119,-0.242513019,0
2019,China,0.589479626,0.118217529,1,0.5,97,-0.387907434,-0.26169484,0
2006,Colombia,-0.23617146,-0.765079462,0,1,2,-0.200561581,-0.952240386,0
2007,Colombia,-0.32791047,-0.765079462,0,1,4,-0.247398044,-0.415149406,0
2008,Colombia,-0.419649479,-0.321211627,0,1,4,-0.031950313,-0.472694868,0
2009,Colombia,-0.786605518,-0.321211627,0,1,4,-0.02258302,-0.319240302,0
2011,Colombia,-0.603127499,0.122656207,0,1,4,0.511352662,-0.242513019,0
2012,Colombia,-0.603127499,0.122656207,0,1,4,0.511352662,-0.338422123,0
2013,Colombia,-0.603127499,0.122656207,0,1,5,0.661229345,-0.338422123,0
2014,Colombia,-0.603127499,0.122656207,0,1,5,0.764269564,0.294577961,0
2015,Colombia,-0.144432451,0.122656207,0,1,5,0.857942491,0.52475981,0
2016,Colombia,0.314262597,0.122656207,0,1,6,0.773636857,0.505577989,0
2017,Colombia,0.130784578,0.735193819,0,1,6,0.670596638,0.563123451,0
2018,Colombia,0.039045569,0.59759479,0,1,6,0.595658296,0.563123451,0
2019,Colombia,-0.052693441,0.531014615,0,1,7,0.445781614,0.026032471,0
2006,Costa.Rica,-0.052693441,0.122656207,0,1,0,0.314639516,0.160305216,0
2007,Costa.Rica,-0.144432451,0.122656207,0,1,0,0.136660956,0.639850734,0
2008,Costa.Rica,-0.32791047,0.122656207,0,1,0,0.155395541,0.582305272,0
2009,Costa.Rica,-0.32791047,0.122656207,0,1,0,0.36147598,0.582305272,0
2011,Costa.Rica,-0.32791047,0.344590124,0,1,0,0.445781614,0.908396224,0
2012,Costa.Rica,-0.23617146,0.344590124,0,1,0,0.511352662,0.898805314,0
2013,Costa.Rica,-0.052693441,0.122656207,0,1,0,0.417679736,0.898805314,0
2014,Costa.Rica,0.130784578,0.122656207,0,1,0,0.408312443,0.774123479,0
2015,Costa.Rica,0.406001607,0.122656207,0,1,0,0.436414321,0.774123479,0
2016,Costa.Rica,0.589479626,0.122656207,0,1,0,0.455148906,0.563123451,0
2017,Costa.Rica,0.864696655,0.193675061,0,1,2,0.230333882,0.860441673,0
2018,Costa.Rica,0.864696655,0.335712768,0,1,2,0.286537638,0.860441673,0
2019,Costa.Rica,0.681218636,0.49106651,0,1,2,0.25843576,0.543941631,0
2006,Dominican.Republic,-0.694866508,-0.765079462,0,1,0,-0.58462058,-0.79878582,0
2007,Dominican.Republic,-0.511388489,-0.765079462,0,1,0,-0.537784117,-0.184967557,0
2008,Dominican.Republic,-0.419649479,-0.765079462,0,1,0,-0.453478483,-0.26169484,0
2009,Dominican.Republic,-0.603127499,-0.765079462,0,1,0,-0.312969093,-0.26169484,0
2011,Dominican.Republic,-1.245300566,-0.765079462,0,1,12,-0.238030751,0.390487065,0
2012,Dominican.Republic,-1.061822547,-0.765079462,0,1,12,-0.219296166,0.419259796,0
2013,Dominican.Republic,-0.786605518,-0.765079462,0,1,12,-0.266132629,0.198668858,0
2014,Dominican.Republic,-0.603127499,-0.765079462,0,1,12,-0.116255947,0.198668858,0
2015,Dominican.Republic,-0.23617146,-0.765079462,0,1,12,-0.144357825,0.198668858,0
2016,Dominican.Republic,0.130784578,-0.987013379,0,1,12,-0.144357825,0.141123395,0
2017,Dominican.Republic,-0.052693441,0.393415586,0,1,12,0.033620736,0.121941575,0
2018,Dominican.Republic,0.039045569,0.198113739,0,1,12,-0.088154069,-0.319240302,0
2019,Dominican.Republic,0.406001607,0.149288277,0,1,12,-0.144357825,0.00685065,0
2006,Egypt,-0.32791047,0.122656207,0,1,0,-0.875006653,-1.738695036,0
2007,Egypt,-0.32791047,-0.321211627,0,1,0,-0.762599141,-1.777058677,0
2008,Egypt,-0.23617146,-0.321211627,0,1,0,-0.378540141,-0.933058565,0
2009,Egypt,-0.144432451,-0.321211627,0,1,0,-0.425376605,-1.182422235,0
2011,Egypt,-0.511388489,-0.321211627,0,1,0,-0.322336385,-0.165785736,0
2012,Egypt,-0.511388489,-0.543145545,0,1,0,-0.434743897,-0.165785736,0
2013,Egypt,-0.603127499,-0.543145545,0,1,0,-0.72512997,-0.184967557,0
2014,Egypt,-0.878344527,-1.208947296,0,1,0,-0.903108531,-0.415149406,0
2015,Egypt,-0.603127499,-1.208947296,0,1,0,-0.687660799,-0.549422151,0
2016,Egypt,-0.603127499,-1.208947296,0,1,0,-0.612722458,-0.491876689,0
2017,Egypt,-0.786605518,-0.525390831,0,1,0,-0.931210409,-0.53024033,0
2018,Egypt,-0.511388489,-0.645235146,0,1,0,-0.856272067,-0.463103958,0
2019,Egypt,-0.052693441,-0.454371978,0,1,0,-0.940577702,-0.376785764,0
2006,El.Salvador,-0.32791047,0.122656207,0,1,0,0.661229345,0.064396112,0
2007,El.Salvador,-0.511388489,0.122656207,0,1,0,0.595658296,0.083577933,0
2008,El.Salvador,-0.970083537,0.122656207,0,1,0,0.558189126,0.083577933,0
2009,El.Salvador,-0.878344527,0.122656207,0,1,0,0.67996393,0.582305272,0
2011,El.Salvador,-1.153561556,-0.321211627,0,1,0,0.586291004,0.889214404,0
2012,El.Salvador,-1.337039576,-0.321211627,0,1,0,0.576923711,0.313759782,0
2013,El.Salvador,-0.878344527,-0.321211627,0,1,0,0.389577858,0.313759782,0
2014,El.Salvador,-0.32791047,-0.321211627,0,1,0,0.342741394,0.313759782,0
2015,El.Salvador,-0.419649479,-0.543145545,0,1,0,0.295904931,0.908396224,0
2016,El.Salvador,-0.419649479,-0.543145545,0,1,0,0.239701175,0.965941687,0
2017,El.Salvador,-0.603127499,-0.085961675,0,1,0,0.146028248,1.033078059,0
2018,El.Salvador,-0.694866508,-0.441055943,0,1,0,0.061722614,1.023487149,0
2019,El.Salvador,-0.694866508,-0.427739908,0,1,0,-0.069419483,0.543941631,0
2006,Ethiopia,-1.245300566,-0.765079462,0,1,0,-1.090454384,-1.700331395,0
2007,Ethiopia,-0.878344527,-0.765079462,0,1,0,-0.837537482,-1.220785876,0
2008,Ethiopia,-0.511388489,-0.765079462,0,1,0,-0.940577702,-1.220785876,0
2009,Ethiopia,-0.511388489,-0.765079462,0,1,0,-0.893741238,-0.683694896,0
2011,Ethiopia,-0.23617146,-0.765079462,0,1,0,-1.127923555,-0.971422207,0
2012,Ethiopia,-0.144432451,-0.765079462,0,1,0,-0.987414165,-0.971422207,0
2013,Ethiopia,-0.32791047,-0.765079462,0,1,0,-1.230963774,-1.124876773,0
2014,Ethiopia,-0.694866508,-0.765079462,0,1,0,-1.174760018,-1.105694952,0
2015,Ethiopia,-0.511388489,-0.765079462,0,1,0,-1.034250628,-1.086513131,0
2016,Ethiopia,-0.052693441,-0.765079462,0,1,0,-1.034250628,-1.028967669,0
2017,Ethiopia,-0.052693441,-0.649673825,0,1,0,-0.921843116,-1.019376759,0
2018,Ethiopia,-0.052693441,-0.716254,0,1,0,-0.912475824,-1.441376815,0
2019,Ethiopia,-0.694866508,-0.649673825,0,1,0,-0.837537482,-1.431785904,0
2006,EU,0.660743963,0.808988496,0,1,5,0.472497194,0.362839552,0
2007,EU,0.771746814,0.825944512,0,1,9,0.494652905,0.72852528,0
2008,EU,0.768166077,0.83442252,0,1,13,0.557897387,0.702942328,0
2009,EU,0.671486174,0.87681256,0,1,23,0.570787982,0.699932569,0
2011,EU,0.58912922,0.851378536,1,1,36,0.608654105,0.896319348,0
2012,EU,0.549741111,0.842900528,1,1,40,0.50029254,0.839133926,0
2013,EU,0.553321849,0.83442252,1,1,48,0.538964325,0.812798534,0
2014,EU,0.567644797,0.83442252,1,1,64,0.581261591,0.95651453,0
2015,EU,0.786069763,0.83442252,1,1,71,0.594957848,0.992631639,0
2016,EU,0.936460723,0.808988496,1,1,71,0.587706888,0.993384078,0
2017,EU,0.943622197,1.085032435,1,1,75,0.642894749,0.903091306,0
2018,EU,0.96510662,1.043829316,1,1,76,0.721446812,0.894062029,0
2019,EU,0.968687357,1.060954892,1,1,76,0.69848544,0.807531456,0.08
2006,Georgia,-1.153561556,-0.765079462,0,1,0,0.183497419,-0.779604,0
2007,Georgia,-0.970083537,-0.765079462,0,1,0,0.633127467,-0.376785764,0
2008,Georgia,-0.970083537,-0.543145545,0,1,0,0.623760174,-0.453513047,0
2009,Georgia,-0.970083537,-0.543145545,0,1,0,0.67996393,0.467214348,0
2011,Georgia,-0.970083537,-0.321211627,0,1,0,0.736167686,1.292032639,0
2012,Georgia,-1.153561556,-0.321211627,0,1,0,0.64249476,1.292032639,0
2013,Georgia,-1.061822547,-0.09927771,0,1,0,0.904778954,1.292032639,0
2014,Georgia,-0.786605518,-0.321211627,0,1,0,0.942248125,1.234487177,0
2015,Georgia,-0.511388489,-0.321211627,0,1,0,0.979717296,1.234487177,0
2016,Georgia,-0.23617146,-0.321211627,0,1,0,0.942248125,1.234487177,0
2017,Georgia,-0.144432451,0.349028803,0,1,0,1.260736076,1.234487177,0
2018,Georgia,-0.052693441,0.690807035,0,1,0,1.279470661,1.31121446,0
2019,Georgia,-0.052693441,0.828406064,0,1,0,1.251368783,1.234487177,1
2006,Guatemala,-1.061822547,-0.765079462,0,1,0,-0.322336385,-0.050694812,0
2007,Guatemala,-0.694866508,-0.765079462,0,1,0,-0.191194288,0.428850706,0
2008,Guatemala,-1.061822547,-0.765079462,0,1,0,-0.256765337,0.25621432,0
2009,Guatemala,-1.245300566,-0.765079462,0,1,0,-0.294234507,0.25621432,0
2011,Guatemala,-1.245300566,-0.543145545,0,1,0,-0.060052191,0.850850762,0
2012,Guatemala,-1.153561556,-0.765079462,0,1,0,-0.153725117,0.850850762,0
2013,Guatemala,-0.878344527,-0.765079462,0,1,0,-0.238030751,0.908396224,0
2014,Guatemala,-0.694866508,-0.987013379,0,1,0,-0.125623239,0.927578045,0
2015,Guatemala,-0.32791047,-1.208947296,0,1,0,-0.200561581,0.850850762,0
2016,Guatemala,0.039045569,-1.208947296,0,1,0,-0.069419483,1.023487149,0
2017,Guatemala,-0.052693441,-0.09927771,0,1,0,0.042988029,1.081032611,0
2018,Guatemala,-0.052693441,-0.303456914,0,1,0,0.0804572,1.100214432,0
2019,Guatemala,-0.144432451,-0.307895592,0,1,0,0.005518858,0.620668914,0
2006,Honduras,-0.970083537,-0.765079462,0,1,0,-0.481580361,-0.606967613,0
2007,Honduras,-0.511388489,-0.765079462,0,1,0,-0.322336385,0.332941603,0
2008,Honduras,-0.419649479,-0.765079462,0,1,0,-0.341070971,0.217850678,0
2009,Honduras,-0.694866508,-0.765079462,0,1,0,-0.359805556,0.217850678,0
2011,Honduras,-0.511388489,-0.765079462,0,1,0,-0.369172849,0.121941575,0
2012,Honduras,-0.603127499,-0.765079462,0,1,0,-0.350438263,0.131532485,0
2013,Honduras,-0.694866508,-0.765079462,0,1,0,-0.387907434,0.131532485,0
2014,Honduras,-0.32791047,-0.765079462,0,1,0,-0.509682239,-0.031512991,0
2015,Honduras,0.314262597,-0.765079462,0,1,0,-0.481580361,0.179487037,0
2016,Honduras,0.222523588,-0.765079462,0,1,0,-0.453478483,0.25621432,0
2017,Honduras,-0.052693441,-0.09927771,0,1,0,-0.350438263,0.25621432,0
2018,Honduras,0.039045569,-0.130348459,0,1,0,-0.181826995,0.831668942,0
2019,Honduras,0.039045569,-0.170296564,0,1,0,-0.219296166,0.352123423,0
2006,Hong.Kong.SAR,1.323391703,1.898127545,0,1,0,2.441014952,1.368759922,0
2007,Hong.Kong.SAR,1.506869722,1.898127545,0,1,0,2.562789757,1.84830544,0
2008,Hong.Kong.SAR,1.415130713,1.898127545,0,1,0,2.544055172,1.84830544,0
2009,Hong.Kong.SAR,1.323391703,1.898127545,0,1,0,2.57215705,1.84830544,0
2011,Hong.Kong.SAR,1.506869722,1.898127545,0,1,0,2.544055172,1.368759922,0
2012,Hong.Kong.SAR,1.598608732,1.898127545,0,1,0,2.562789757,1.368759922,0
2013,Hong.Kong.SAR,1.690347742,1.898127545,0,1,0,2.506586001,1.368759922,0
2014,Hong.Kong.SAR,1.782086751,1.898127545,0,1,0,2.581524342,1.368759922,0
2015,Hong.Kong.SAR,1.96556477,1.898127545,0,1,0,2.534687879,1.368759922,0
2016,Hong.Kong.SAR,1.96556477,1.898127545,0,1,0,2.441014952,1.368759922,0
2017,Hong.Kong.SAR,1.873825761,2.062358643,0,1,0,2.553422464,1.368759922,0
2018,Hong.Kong.SAR,1.873825761,2.009094503,0,1,0,2.590891635,1.368759922,0
2019,Hong.Kong.SAR,2.05730378,2.04460393,0,1,0,2.590891635,1.84830544,0
2006,Iceland,1.96556477,1.898127545,0,1,0,1.242001491,0.237032499,0
2007,Iceland,1.873825761,1.898127545,0,1,0,1.260736076,0.7933053,0
2008,Iceland,1.96556477,1.898127545,0,1,0,1.242001491,0.889214404,0
2009,Iceland,1.506869722,1.898127545,0,1,0,1.251368783,1.176941715,0
2011,Iceland,1.231652694,1.898127545,0,1,0,0.530087248,1.196123535,0
2012,Iceland,1.231652694,1.898127545,0,1,0,0.78300415,1.196123535,0
2013,Iceland,0.864696655,1.898127545,0,1,0,0.895411662,1.157759894,0
2014,Iceland,0.864696655,1.898127545,0,1,0,0.92351354,1.167350804,0
2015,Iceland,1.323391703,1.898127545,0,1,0,0.886044369,1.176941715,0
2016,Iceland,1.690347742,1.898127545,0,1,0,1.007819174,1.157759894,0
2017,Iceland,1.690347742,1.676193627,0,1,0,1.110859393,1.176941715,0
2018,Iceland,1.506869722,1.751651159,0,1,0,1.354409003,1.224896266,0
2019,Iceland,1.506869722,1.782721908,0,1,0,1.363776295,1.081032611,0
2006,India,0.314262597,0.122656207,0,1,0,-0.96867958,-4.961240918,0
2007,India,0.130784578,0.122656207,0,1,2,-0.809435604,-2.352513299,1
2008,India,-0.144432451,0.122656207,0,1,4,-0.790701019,-2.37169512,1
2009,India,-0.23617146,0.122656207,0,1,4,-0.762599141,-2.37169512,1
2011,India,-0.32791047,0.122656207,0,1,4,-0.743864555,-1.105694952,1
2012,India,-0.144432451,0.122656207,0,1,6,-0.743864555,-1.115285862,1
2013,India,-0.144432451,0.122656207,0,1,9,-0.687660799,-1.163240414,1
2014,India,-0.144432451,0.122656207,0,1,9,-0.640824336,-0.971422207,1
2015,India,0.314262597,0.344590124,0,1,11,-0.743864555,-1.067331311,1
2016,India,0.589479626,0.344590124,0,1,11,-0.593987873,-0.453513047,1
2017,India,0.497740617,0.362344838,0,1,13,-0.931210409,-0.300058481,1
2018,India,0.681218636,0.362344838,0,1,14,-0.753231848,-0.319240302,1
2019,India,0.497740617,0.446679726,0,1,24,-0.687660799,-0.319240302,1
2006,Indonesia,-0.419649479,-0.765079462,0,1,0,-0.996781458,-0.108240274,0
2007,Indonesia,-0.694866508,-0.765079462,0,1,0,-0.875006653,-0.165785736,0
2008,Indonesia,-0.878344527,-0.765079462,0,1,0,-0.875006653,-0.26169484,0
2009,Indonesia,-0.32791047,-0.765079462,0,1,0,-0.856272067,0.064396112,0
2011,Indonesia,-0.23617146,-0.765079462,0,1,0,-0.612722458,-0.184967557,0
2012,Indonesia,-0.144432451,-0.765079462,0,1,0,-0.575253287,-0.175376647,0
2013,Indonesia,0.039045569,-0.765079462,0,1,8,-0.528416824,-0.069876633,0
2014,Indonesia,0.222523588,-0.765079462,0,1,15,-0.378540141,-0.089058453,0
2015,Indonesia,0.406001607,-0.765079462,0,1,22,-0.416009312,-0.089058453,0
2016,Indonesia,0.406001607,-0.765079462,0,1,27,-0.294234507,0.448032527,0
2017,Indonesia,0.589479626,0.047198675,0,1,27,-0.060052191,0.457623437,0
2018,Indonesia,0.681218636,0.091585459,0,1,27,0.155395541,0.457623437,0
2019,Indonesia,0.681218636,0.220307131,0,1,27,0.305272224,0.390487065,0
2006,Israel,1.323391703,1.010391876,0,1,0,0.174130126,0.505577989,0
2007,Israel,1.139913684,1.010391876,0,1,0,0.211599297,0.908396224,0
2008,Israel,0.589479626,1.010391876,0,1,0,0.352108687,1.04266897,0
2009,Israel,0.130784578,1.010391876,0,1,0,0.473883492,0.985123507,0
2011,Israel,0.681218636,1.010391876,0,1,0,0.558189126,1.157759894,0
2012,Israel,0.864696655,1.010391876,0,1,0,0.492618077,0.754941659,0
2013,Israel,0.681218636,1.010391876,0,1,0,0.408312443,0.697396196,0
2014,Israel,0.681218636,1.232325793,0,1,0,0.548821833,0.687805286,0
2015,Israel,1.048174674,1.232325793,0,1,0,0.745534979,1.234487177,0
2016,Israel,1.690347742,1.232325793,0,1,0,0.764269564,1.196123535,0
2017,Israel,1.873825761,1.094726764,0,1,0,0.670596638,1.176941715,0
2018,Israel,1.598608732,1.3743635,0,1,0,0.904778954,0.937168956,0
2019,Israel,1.598608732,1.45425971,0,1,0,0.96098271,0.831668942,0
2006,Jamaica,-0.144432451,0.122656207,0,1,0,0.36147598,-0.990604028,0
2007,Jamaica,-0.32791047,0.122656207,0,1,0,0.277170346,-0.511058509,0
2008,Jamaica,-0.32791047,0.122656207,0,1,0,0.295904931,-0.511058509,0
2009,Jamaica,-0.32791047,0.122656207,0,1,0,0.249068468,-0.491876689,0
2011,Jamaica,-0.419649479,-0.321211627,0,1,0,0.295904931,-0.338422123,0
2012,Jamaica,-0.419649479,-0.321211627,0,1,0,0.239701175,-0.348013033,0
2013,Jamaica,-0.32791047,-0.321211627,0,1,0,0.39894515,-0.069876633,0
2014,Jamaica,-0.052693441,-0.321211627,0,1,0,0.389577858,-0.060285722,0
2015,Jamaica,0.314262597,-0.321211627,0,1,0,0.483250784,-0.069876633,0
2016,Jamaica,0.497740617,-0.321211627,0,1,0,0.464516199,-0.031512991,0
2017,Jamaica,0.497740617,0.477750475,0,1,0,0.651862052,-0.041103902,0
2018,Jamaica,0.497740617,0.606472147,0,1,0,0.614392882,-0.472694868,0
2019,Jamaica,0.406001607,0.59759479,0,1,0,0.567556418,-0.702876717,0
2006,Japan,1.598608732,1.010391876,0,1,1,1.007819174,0.428850706,0
2007,Japan,1.598608732,1.010391876,0,1,1,0.951615418,0.428850706,0
2008,Japan,1.690347742,1.010391876,0,1,1,0.979717296,0.409668886,0
2009,Japan,1.415130713,1.010391876,0,1,1,0.96098271,0.601487093,0
2011,Japan,1.323391703,1.45425971,0,1,1,0.96098271,0.659032555,0
2012,Japan,1.415130713,1.45425971,0,1,1,0.848575198,0.582305272,0
2013,Japan,1.690347742,1.45425971,0,1,1,0.867309784,0.582305272,0
2014,Japan,1.96556477,1.45425971,0,1,1,0.92351354,0.639850734,0
2015,Japan,2.05730378,1.45425971,0,1,1,1.007819174,0.659032555,0
2016,Japan,1.873825761,1.45425971,0,1,1,0.989084588,0.659032555,0
2017,Japan,1.782086751,1.871495475,0,1,1,0.661229345,0.659032555,0
2018,Japan,1.873825761,1.720580411,0,1,2,0.914146247,0.630259824,0
2019,Japan,1.96556477,1.636245522,1,0.5,6,0.895411662,0.409668886,0
2006,Jordan,0.406001607,0.122656207,0,1,0,0.108559078,-1.297513159,0
2007,Jordan,0.497740617,0.122656207,0,1,0,0.183497419,-0.146603916,0
2008,Jordan,0.681218636,0.344590124,0,1,0,0.146028248,-0.089058453,0
2009,Jordan,0.772957646,0.344590124,0,1,0,0.267803053,0.294577961,0
2011,Jordan,0.314262597,0.344590124,0,1,0,0.595658296,0.294577961,0
2012,Jordan,0.589479626,0.344590124,0,1,0,0.689331223,0.371305244,0
2013,Jordan,0.681218636,0.566524041,0,1,0,0.736167686,0.371305244,0
2014,Jordan,0.681218636,0.566524041,0,1,0,0.623760174,0.371305244,0
2015,Jordan,0.681218636,0.566524041,0,1,0,0.633127467,0.371305244,0
2016,Jordan,0.956435665,0.566524041,0,1,0,0.53945454,-0.223331198,0
2017,Jordan,0.772957646,0.57096272,0,1,0,0.389577858,0.601487093,1
2018,Jordan,0.681218636,0.459995761,0,1,0,0.22096659,0.601487093,1
2019,Jordan,0.956435665,0.495505188,0,1,0,0.370843272,0.543941631,1
2006,Kazakhstan,-0.694866508,-0.765079462,0,1,0,-0.219296166,-0.626149434,0
2007,Kazakhstan,-0.511388489,-0.765079462,0,1,0,-0.275499922,-0.626149434,1
2008,Kazakhstan,-0.419649479,-0.765079462,0,1,0,-0.134990532,1.004305328,1
2009,Kazakhstan,-0.603127499,-0.987013379,0,1,0,-0.228663459,1.004305328,1
2011,Kazakhstan,-1.153561556,-0.543145545,0,1,0,-0.041317605,0.495987079,1
2012,Kazakhstan,-0.603127499,-0.321211627,0,1,0,0.099191785,0.371305244,1
2013,Kazakhstan,-0.23617146,-0.543145545,0,1,0,0.042988029,0.237032499,1
2014,Kazakhstan,-0.144432451,-0.765079462,0,1,0,0.108559078,0.237032499,1
2015,Kazakhstan,0.039045569,-0.987013379,0,1,0,0.071089907,0.313759782,1
2016,Kazakhstan,0.222523588,-0.765079462,0,1,0,0.099191785,0.160305216,1
2017,Kazakhstan,0.130784578,0.393415586,0,1,2,0.605025589,0.26580523,1
2018,Kazakhstan,0.130784578,0.388976908,0,1,2,0.614392882,-0.01233117,1
2019,Kazakhstan,0.222523588,0.535453293,0,1,2,0.267803053,0.409668886,1
2006,Kenya,-0.786605518,0.122656207,0,1,0,-0.266132629,-1.086513131,0
2007,Kenya,-0.786605518,-0.321211627,0,1,0,-0.275499922,-0.069876633,0
2008,Kenya,-0.694866508,-0.543145545,0,1,0,-0.3036018,-0.069876633,0
2009,Kenya,-0.694866508,-0.765079462,0,1,0,-0.359805556,-0.376785764,0
2011,Kenya,-0.878344527,-0.765079462,0,1,0,-0.481580361,-0.280876661,0
2012,Kenya,-0.694866508,-0.765079462,0,1,0,-0.472213068,-0.865922193,0
2013,Kenya,-0.419649479,-0.765079462,0,1,0,-0.622089751,-0.865922193,0
2014,Kenya,-0.144432451,-0.765079462,0,1,0,-0.509682239,-0.280876661,0
2015,Kenya,-0.144432451,-0.765079462,0,1,0,-0.650191629,-1.124876773,0
2016,Kenya,0.130784578,-0.765079462,0,1,0,-0.472213068,-0.971422207,0
2017,Kenya,0.497740617,-0.094839032,0,1,0,-0.846904775,-0.817967641,0
2018,Kenya,0.497740617,0.029443962,0,1,0,-0.734497263,-0.568603972,0
2019,Kenya,0.222523588,0.291325984,0,1,0,-0.697028092,-1.470149546,0
2006,Kuwait,-0.32791047,0.122656207,0,1,0,0.370843272,0.141123395,0
2007,Kuwait,-0.23617146,0.122656207,0,1,0,0.36147598,0.141123395,0
2008,Kuwait,-0.23617146,0.344590124,0,1,0,0.520719955,0.505577989,0
2009,Kuwait,0.130784578,0.122656207,0,1,0,0.286537638,0.505577989,0
2011,Kuwait,0.039045569,0.122656207,0,1,0,0.22096659,0.563123451,0
2012,Kuwait,0.130784578,0.122656207,0,1,0,-0.003848435,0.563123451,0
2013,Kuwait,-0.052693441,0.122656207,0,1,0,0.052355321,0.102759754,0
2014,Kuwait,-0.32791047,0.122656207,0,1,0,-0.02258302,0.093168844,0
2015,Kuwait,-0.144432451,-0.09927771,0,1,0,-0.003848435,0.045214292,0
2016,Kuwait,-0.052693441,-0.09927771,0,1,0,0.014886151,0.141123395,0
2017,Kuwait,0.039045569,0.366783516,0,1,0,0.239701175,0.284987051,1
2018,Kuwait,0.130784578,0.211429774,0,1,0,-0.031950313,0.323350692,1
2019,Kuwait,0.222523588,0.251377879,0,1,0,-0.16309241,0.313759782,1
2006,Lesotho,-1.245300566,0.122656207,0,1,0,-0.734497263,0.198668858,0
2007,Lesotho,-1.245300566,-0.321211627,0,1,0,-0.875006653,-2.045604168,0
2008,Lesotho,-0.603127499,-0.321211627,0,1,0,-0.978046872,-1.85378596,0
2009,Lesotho,-0.419649479,-0.321211627,0,1,0,-1.202861896,-1.796240498,0
2011,Lesotho,-0.970083537,-0.321211627,0,1,0,-1.408942335,-1.163240414,0
2012,Lesotho,-0.786605518,-0.321211627,0,1,0,-1.493247969,-0.635740344,0
2013,Lesotho,-0.511388489,-0.321211627,0,1,0,-1.371473164,-0.635740344,0
2014,Lesotho,-0.32791047,-0.321211627,0,1,0,-1.221596482,-0.683694896,0
2015,Lesotho,0.222523588,-0.543145545,0,1,0,-1.212229189,-1.067331311,0
2016,Lesotho,0.130784578,-0.765079462,0,1,0,-1.118556262,0.965941687,0
2017,Lesotho,-0.32791047,0.193675061,0,1,0,-0.809435604,0.428850706,0
2018,Lesotho,-0.23617146,0.096024137,0,1,0,-0.809435604,-0.693285806,0
2019,Lesotho,-0.23617146,-0.254631452,0,1,0,-0.884373946,0.505577989,0
2006,Malaysia,1.139913684,0.122656207,0,1,0,-0.088154069,0.083577933,0
2007,Malaysia,1.139913684,0.122656207,0,1,0,0.11792637,0.102759754,0
2008,Malaysia,0.864696655,0.122656207,0,1,0,0.127293663,0.045214292,0
2009,Malaysia,0.589479626,0.122656207,0,1,0,0.192864712,0.237032499,0
2011,Malaysia,0.956435665,0.122656207,0,1,0,0.352108687,0.284987051,0
2012,Malaysia,0.956435665,0.122656207,0,1,0,0.36147598,0.294577961,0
2013,Malaysia,0.864696655,0.344590124,0,1,0,0.333374102,0.121941575,0
2014,Malaysia,1.231652694,0.344590124,0,1,0,0.661229345,0.064396112,0
2015,Malaysia,1.415130713,0.344590124,0,1,0,0.773636857,0.409668886,0
2016,Malaysia,1.323391703,0.344590124,0,1,0,0.839207906,0.543941631,0
2017,Malaysia,1.323391703,1.689509663,0,1,0,1.054655637,0.52475981,0
2018,Malaysia,1.415130713,1.622929487,0,1,0,1.120226686,1.119396252,0
2019,Malaysia,1.415130713,1.636245522,0,1,0,1.073390223,0.601487093,0
2006,Mali,-0.511388489,-0.765079462,0,1,0,-0.790701019,-1.144058593,0
2007,Mali,-0.511388489,-0.765079462,0,1,0,-0.734497263,-0.683694896,0
2008,Mali,-0.603127499,-0.765079462,0,1,0,-0.650191629,-0.683694896,0
2009,Mali,-0.603127499,-0.765079462,0,1,0,-0.650191629,-0.26169484,0
2011,Mali,-0.970083537,-0.765079462,0,1,0,-0.58462058,-0.242513019,0
2012,Mali,-0.878344527,-0.765079462,0,1,0,-0.631457043,-0.242513019,0
2013,Mali,-1.061822547,-0.765079462,0,1,0,-0.575253287,-0.242513019,0
2014,Mali,-0.786605518,-1.208947296,0,1,0,-0.659558921,-0.242513019,0
2015,Mali,-0.23617146,-0.987013379,0,1,0,-0.575253287,-0.242513019,0
2016,Mali,0.039045569,-0.987013379,0,1,0,-0.565885995,-0.53024033,0
2017,Mali,-0.144432451,-0.467688013,0,1,0,-0.369172849,-0.53983124,0
2018,Mali,-0.419649479,-0.680744573,0,1,0,-0.462845775,-0.674103986,0
2019,Mali,-0.419649479,-0.600848363,0,1,0,-0.416009312,-0.568603972,0
2006,Mauritania,-0.511388489,-0.765079462,0,1,0,-0.640824336,-1.259149518,0
2007,Mauritania,-0.694866508,-0.765079462,0,1,0,-0.837537482,-0.415149406,0
2008,Mauritania,-1.061822547,-0.765079462,0,1,0,-0.687660799,-0.53024033,0
2009,Mauritania,-1.337039576,-0.987013379,0,1,0,-0.809435604,-0.01233117,0
2011,Mauritania,-1.061822547,-0.987013379,0,1,0,-0.978046872,-0.559013061,0
2012,Mauritania,-0.878344527,-0.987013379,0,1,0,-0.893741238,-0.559013061,0
2013,Mauritania,-1.245300566,-0.987013379,0,1,0,-0.959312287,-1.04814949,0
2014,Mauritania,-1.520517595,-0.987013379,0,1,0,-0.875006653,-0.645331254,0
2015,Mauritania,-1.612256604,-0.987013379,0,1,0,-0.86563936,-0.645331254,0
2016,Mauritania,-0.970083537,-0.987013379,0,1,0,-0.72512997,-0.645331254,0
2017,Mauritania,-0.786605518,-1.097980338,0,1,0,-0.762599141,-1.287922249,0
2018,Mauritania,-0.419649479,-1.035838841,0,1,0,-0.800068311,-1.364649532,0
2019,Mauritania,-0.419649479,-0.87604642,0,1,0,-0.640824336,-1.259149518,0
2006,Mauritius,0.130784578,1.010391876,0,1,0,0.455148906,-1.604422291,0
2007,Mauritius,0.222523588,0.566524041,0,1,0,0.64249476,0.409668886,0
2008,Mauritius,0.222523588,0.566524041,0,1,0,0.942248125,0.467214348,0
2009,Mauritius,0.130784578,0.566524041,0,1,0,1.101492101,1.06185079,0
2011,Mauritius,-0.052693441,0.566524041,0,1,0,1.279470661,1.176941715,0
2012,Mauritius,-0.052693441,0.788457959,0,1,0,1.354409003,1.167350804,0
2013,Mauritius,0.130784578,1.010391876,0,1,0,1.34504171,1.167350804,0
2014,Mauritius,0.314262597,0.788457959,0,1,0,1.307572539,1.234487177,0
2015,Mauritius,0.497740617,0.788457959,0,1,0,1.298205247,1.215305356,0
2016,Mauritius,0.589479626,0.566524041,0,1,0,1.138961271,1.234487177,0
2017,Mauritius,0.497740617,0.761825889,0,1,0,1.138961271,1.244078087,0
2018,Mauritius,0.589479626,0.952689057,0,1,0,1.176430442,1.244078087,0
2019,Mauritius,0.589479626,0.988198484,0,1,0,0.979717296,1.215305356,0
2006,Mexico,-0.32791047,0.122656207,0,1,2,0.202232004,-1.757876857,0
2007,Mexico,-0.32791047,0.122656207,0,1,2,0.324006809,0.179487037,0
2008,Mexico,-0.603127499,0.122656207,0,1,2,0.342741394,0.313759782,0
2009,Mexico,-0.603127499,0.122656207,0,1,2,0.305272224,0.428850706,0
2011,Mexico,-0.603127499,0.122656207,0,1,2,0.492618077,0.52475981,0
2012,Mexico,-0.32791047,0.122656207,0,1,2,0.25843576,-0.27128575,0
2013,Mexico,-0.23617146,0.122656207,0,1,2,0.417679736,0.467214348,0
2014,Mexico,-0.32791047,0.122656207,0,1,2,0.39894515,0.946759866,0
2015,Mexico,-0.052693441,0.122656207,0,1,2,0.36147598,0.946759866,0
2016,Mexico,0.314262597,0.122656207,0,1,2,0.249068468,0.332941603,0
2017,Mexico,0.222523588,0.482189153,0,1,2,0.099191785,0.409668886,0
2018,Mexico,0.222523588,0.504382545,0,1,3,0.211599297,1.176941715,0
2019,Mexico,0.222523588,0.526575936,0,1,3,0.202232004,0.543941631,0
2006,Mongolia,-1.337039576,-0.765079462,0,1,0,-0.013215727,0.121941575,0
2007,Mongolia,-1.337039576,-0.765079462,0,1,0,-0.209928873,0.409668886,1
2008,Mongolia,-1.245300566,-0.765079462,0,1,0,0.099191785,0.543941631,1
2009,Mongolia,-1.245300566,-0.765079462,0,1,0,0.024253443,0.52475981,1
2011,Mongolia,-1.520517595,-0.765079462,0,1,0,-0.284867215,0.390487065,1
2012,Mongolia,-1.337039576,-0.765079462,0,1,0,-0.097521361,0.390487065,1
2013,Mongolia,-1.245300566,-0.765079462,0,1,0,-0.078786776,0.390487065,1
2014,Mongolia,-1.061822547,-0.765079462,0,1,0,-0.341070971,-0.098649364,1
2015,Mongolia,-0.603127499,-0.765079462,0,1,0,-0.312969093,-0.089058453,1
2016,Mongolia,-0.511388489,-0.765079462,0,1,0,-0.294234507,-0.549422151,1
2017,Mongolia,-0.603127499,0.180359026,0,1,0,-0.72512997,-0.079467543,1
2018,Mongolia,-0.603127499,0.167042991,0,1,0,-0.640824336,0.016441561,1
2019,Mongolia,-0.694866508,0.042759997,0,1,0,-0.668926214,0.00685065,1
2006,Morocco,-0.32791047,-0.765079462,0,1,0,-1.034250628,-3.887058958,0
2007,Morocco,-0.052693441,-0.765079462,0,1,0,-0.575253287,-1.412604084,0
2008,Morocco,-0.511388489,-0.543145545,0,1,0,-0.650191629,-1.259149518,0
2009,Morocco,-0.694866508,-0.543145545,0,1,0,-0.453478483,-0.741240358,0
2011,Morocco,-0.32791047,-0.321211627,0,1,0,-0.275499922,0.00685065,1
2012,Morocco,-0.419649479,-0.321211627,0,1,0,-0.219296166,-0.00274026,1
2013,Morocco,-0.511388489,-0.321211627,0,1,0,-0.275499922,-0.472694868,1
2014,Morocco,-0.144432451,-0.321211627,0,1,0,-0.397274727,-1.623604112,1
2015,Morocco,0.130784578,-0.321211627,0,1,0,-0.228663459,0.237032499,1
2016,Morocco,0.406001607,-0.321211627,0,1,3,-0.116255947,0.582305272,1
2017,Morocco,0.497740617,0.344590124,0,1,3,-0.097521361,0.7933053,1
2018,Morocco,0.681218636,0.291325984,0,1,4,-0.060052191,0.352123423,1
2019,Morocco,0.956435665,0.442241048,0,1,6,0.033620736,0.160305216,1
2006,Mozambique,-1.153561556,-0.765079462,0,1,0,-0.996781458,-1.009785848,0
2007,Mozambique,-1.153561556,-0.765079462,0,1,0,-0.734497263,-0.53024033,0
2008,Mozambique,-1.245300566,-0.765079462,0,1,0,-0.668926214,-0.280876661,0
2009,Mozambique,-1.245300566,-0.765079462,0,1,0,-0.640824336,-0.223331198,0
2011,Mozambique,-1.245300566,-0.765079462,0,1,0,-0.537784117,0.505577989,0
2012,Mozambique,-1.153561556,-0.765079462,0,1,0,-0.509682239,0.5151689,0
2013,Mozambique,-1.061822547,-0.765079462,0,1,0,-0.706395385,-0.031512991,0
2014,Mozambique,-1.061822547,-0.765079462,0,1,0,-0.706395385,-0.021922081,0
2015,Mozambique,-0.786605518,-0.765079462,0,1,0,-0.72512997,-0.031512991,0
2016,Mozambique,-0.603127499,-0.765079462,0,1,0,-0.875006653,-0.472694868,0
2017,Mozambique,-0.603127499,-0.294579557,0,1,0,-1.184127311,0.093168844,0
2018,Mozambique,-0.694866508,-0.525390831,0,1,0,-1.521349847,0.093168844,0
2019,Mozambique,-0.786605518,-0.591971006,0,1,0,-1.305902116,0.217850678,0
2006,Namibia,-0.052693441,-0.765079462,0,1,0,-0.172459703,0.198668858,0
2007,Namibia,0.222523588,-0.765079462,0,1,0,0.089824492,1.272850818,0
2008,Namibia,0.589479626,-0.765079462,0,1,0,-0.106888654,1.119396252,0
2009,Namibia,0.681218636,-0.765079462,0,1,0,-0.013215727,1.215305356,0
2011,Namibia,0.681218636,-0.765079462,0,1,0,0.014886151,1.023487149,0
2012,Namibia,0.406001607,-0.765079462,0,1,0,-0.060052191,1.033078059,0
2013,Namibia,0.406001607,-0.765079462,0,1,0,-0.209928873,0.553532541,0
2014,Namibia,0.406001607,-0.765079462,0,1,0,-0.294234507,0.687805286,0
2015,Namibia,0.681218636,-0.765079462,0,1,0,-0.275499922,-0.434331226,0
2016,Namibia,0.772957646,-0.765079462,0,1,0,-0.060052191,0.735759838,0
2017,Namibia,0.681218636,0.291325984,0,1,0,-0.003848435,0.745350748,0
2018,Namibia,0.772957646,0.415608978,0,1,0,-0.378540141,0.726168928,0
2019,Namibia,0.772957646,0.384538229,0,1,0,-0.359805556,0.697396196,0
2006,Nepal,-1.428778585,-0.765079462,0,1,0,-0.828170189,-2.10314963,0
2007,Nepal,-1.428778585,-0.765079462,0,1,0,-0.762599141,-1.374240442,1
2008,Nepal,-1.153561556,-0.765079462,0,1,0,-0.790701019,-1.374240442,1
2009,Nepal,-1.153561556,-0.765079462,0,1,0,-0.875006653,-1.201604056,1
2011,Nepal,-1.153561556,-0.765079462,0,1,0,-1.165392726,-1.374240442,1
2012,Nepal,-0.970083537,-0.765079462,0,1,0,-1.156025433,-1.364649532,1
2013,Nepal,-0.878344527,-0.765079462,0,1,0,-1.137290848,-1.431785904,1
2014,Nepal,-0.878344527,-0.765079462,0,1,0,-1.165392726,-1.412604084,1
2015,Nepal,-0.694866508,-0.765079462,0,1,0,-1.052985214,-1.335876801,1
2016,Nepal,-0.419649479,-0.765079462,0,1,0,-1.090454384,-1.930513243,1
2017,Nepal,-0.32791047,-0.441055943,0,1,0,-0.697028092,-0.731649448,1
2018,Nepal,-0.511388489,-0.432178586,0,1,0,-0.790701019,-0.875513103,1
2019,Nepal,-0.419649479,-0.356721054,0,1,0,-0.818802897,-1.470149546,1
2006,New.Zealand,1.690347742,1.898127545,0,1,0,1.822773636,0.332941603,0
2007,New.Zealand,1.782086751,1.898127545,0,1,0,1.76656988,0.7933053,0
2008,New.Zealand,1.782086751,1.898127545,0,1,0,1.700998831,0.486396168,0
2009,New.Zealand,1.96556477,2.120061462,0,1,0,1.822773636,0.850850762,0
2011,New.Zealand,1.782086751,2.120061462,0,1,0,1.850875514,1.04266897,0
2012,New.Zealand,2.05730378,2.120061462,0,1,0,1.832140929,1.06185079,0
2013,New.Zealand,1.96556477,2.120061462,0,1,0,1.76656988,1.06185079,0
2014,New.Zealand,1.96556477,2.120061462,0,1,0,1.747835295,1.06185079,0
2015,New.Zealand,2.05730378,2.120061462,0,1,0,1.832140929,1.06185079,0
2016,New.Zealand,2.05730378,2.120061462,0,1,0,1.785304465,1.100214432,0
2017,New.Zealand,2.14904279,2.168886924,0,1,0,1.982017612,1.119396252,0
2018,New.Zealand,1.96556477,2.12450014,0,1,0,2.028854075,1.119396252,0
2019,New.Zealand,1.782086751,2.120061462,0,1,0,2.04758866,1.598941771,0
2006,Nicaragua,-1.061822547,-0.765079462,0,1,0,0.11792637,0.179487037,0
2007,Nicaragua,-0.970083537,-0.765079462,0,1,0,0.014886151,0.639850734,0
2008,Nicaragua,-1.061822547,-0.987013379,0,1,0,-0.16309241,0.332941603,0
2009,Nicaragua,-1.061822547,-0.987013379,0,1,0,-0.256765337,0.332941603,0
2011,Nicaragua,-1.153561556,-1.208947296,0,1,0,-0.350438263,0.870032583,0
2012,Nicaragua,-0.694866508,-1.430881213,0,1,0,-0.434743897,0.879623493,0
2013,Nicaragua,-0.32791047,-1.430881213,0,1,0,-0.556518702,0.927578045,0
2014,Nicaragua,-0.694866508,-1.430881213,0,1,0,-0.387907434,0.927578045,0
2015,Nicaragua,-0.786605518,-1.652815131,0,1,0,-0.462845775,0.927578045,0
2016,Nicaragua,-0.786605518,-1.652815131,0,1,0,-0.369172849,1.004305328,0
2017,Nicaragua,-0.603127499,-0.716254,0,1,0,-0.312969093,0.505577989,0
2018,Nicaragua,-0.603127499,-0.773956818,0,1,0,-0.341070971,0.505577989,0
2019,Nicaragua,-0.603127499,-0.614164398,0,1,0,-0.453478483,0.026032471,0
2006,Nigeria,-0.786605518,-0.765079462,0,1,0,-1.296534823,-2.352513299,0
2007,Nigeria,-0.878344527,-0.765079462,0,1,0,-0.650191629,-1.355058621,0
2008,Nigeria,-0.878344527,-0.765079462,0,1,0,-0.697028092,-1.182422235,0
2009,Nigeria,-0.694866508,-0.765079462,0,1,0,-0.697028092,-1.335876801,0
2011,Nigeria,-0.970083537,-0.765079462,0,1,0,-0.547151409,-1.028967669,0
2012,Nigeria,-0.878344527,-0.765079462,0,1,0,-0.58462058,-1.134467683,0
2013,Nigeria,-0.970083537,-0.765079462,0,1,0,-0.697028092,-1.134467683,0
2014,Nigeria,-1.061822547,-0.765079462,0,1,0,-0.771966433,-1.144058593,0
2015,Nigeria,-0.694866508,-0.765079462,0,1,0,-0.650191629,-1.144058593,0
2016,Nigeria,-0.419649479,-0.765079462,0,1,0,-0.472213068,-1.04814949,0
2017,Nigeria,-0.603127499,-0.529829509,0,1,0,-0.509682239,-1.287922249,0
2018,Nigeria,-0.694866508,-0.409985194,0,1,0,-0.378540141,-0.981013117,0
2019,Nigeria,-0.786605518,-0.476565369,0,1,0,-0.490947653,-1.278331339,0
2006,Norway,1.598608732,1.898127545,0,1,0,0.50198537,0.812487121,0
2007,Norway,1.598608732,1.898127545,0,1,0,0.50198537,1.292032639,0
2008,Norway,1.782086751,1.898127545,0,1,0,0.567556418,1.004305328,0
2009,Norway,1.690347742,1.898127545,0,1,0,0.717433101,1.292032639,0
2011,Norway,1.598608732,1.898127545,0,1,0,0.726800394,1.31121446,1
2012,Norway,1.506869722,1.898127545,0,1,0,0.586291004,1.301623549,1
2013,Norway,1.506869722,1.898127545,0,1,0,0.745534979,1.301623549,1
2014,Norway,1.598608732,1.898127545,0,1,0,0.78300415,1.282441729,1
2015,Norway,1.782086751,1.898127545,0,1,0,0.867309784,1.31121446,1
2016,Norway,1.96556477,1.898127545,0,1,0,0.773636857,1.157759894,1
2017,Norway,1.782086751,1.751651159,0,1,0,1.073390223,1.148168984,1
2018,Norway,1.506869722,1.738335124,0,1,0,1.101492101,1.167350804,1
2019,Norway,1.506869722,1.725019089,0,1,0,0.979717296,0.716578017,1
2006,Pakistan,-0.786605518,-0.765079462,0,1,0,-0.434743897,-1.604422291,0
2007,Pakistan,-0.23617146,-0.765079462,0,1,0,-0.500314946,-1.163240414,1
2008,Pakistan,-0.603127499,-0.765079462,0,1,0,-0.650191629,-1.009785848,1
2009,Pakistan,-0.786605518,-0.765079462,0,1,0,-0.519049531,-0.971422207,1
2011,Pakistan,-0.694866508,-0.765079462,0,1,0,-0.697028092,-0.837149462,1
2012,Pakistan,-0.786605518,-0.765079462,0,1,0,-0.734497263,-0.933058565,1
2013,Pakistan,-0.878344527,-0.765079462,0,1,0,-0.697028092,-0.933058565,1
2014,Pakistan,-0.878344527,-0.765079462,0,1,3,-0.687660799,-1.04814949,1
2015,Pakistan,-0.603127499,-0.765079462,0,1,3,-0.650191629,-0.971422207,1
2016,Pakistan,-0.419649479,-0.765079462,0,1,3,-0.622089751,-1.028967669,1
2017,Pakistan,-0.23617146,-0.481004048,0,1,3,-0.912475824,-0.817967641,1
2018,Pakistan,0.039045569,-0.498758761,0,1,5,-0.762599141,-0.942649476,1
2019,Pakistan,0.130784578,-0.254631452,0,1,5,-0.706395385,-1.04814949,1
2006,Panama,-0.144432451,-0.765079462,0,1,0,0.286537638,-0.434331226,0
2007,Panama,0.222523588,-0.765079462,0,1,0,0.192864712,0.045214292,0
2008,Panama,0.130784578,-0.765079462,0,1,0,0.202232004,0.045214292,0
2009,Panama,-0.052693441,-0.765079462,0,1,0,0.202232004,0.045214292,0
2011,Panama,0.314262597,-0.321211627,0,1,0,0.22096659,0.00685065,0
2012,Panama,0.681218636,-0.321211627,0,1,0,0.249068468,-0.089058453,0
2013,Panama,0.681218636,-0.765079462,0,1,0,-0.003848435,-0.089058453,0
2014,Panama,0.497740617,-0.765079462,0,1,0,0.0804572,-0.146603916,0
2015,Panama,0.589479626,-0.765079462,0,1,0,0.146028248,0.25621432,0
2016,Panama,0.864696655,-0.765079462,0,1,0,0.211599297,0.198668858,0
2017,Panama,0.772957646,0.615349503,0,1,0,0.352108687,0.198668858,0
2018,Panama,0.497740617,0.606472147,0,1,0,0.417679736,0.198668858,0
2019,Panama,0.497740617,0.584278755,0,1,0,0.436414321,0.332941603,0
2006,Paraguay,-1.612256604,-0.765079462,0,1,0,-0.650191629,-0.108240274,0
2007,Paraguay,-1.428778585,-0.765079462,0,1,0,-0.397274727,0.160305216,0
2008,Paraguay,-1.520517595,-0.543145545,0,1,0,-0.238030751,0.25621432,0
2009,Paraguay,-1.612256604,-0.765079462,0,1,0,-0.144357825,0.754941659,0
2011,Paraguay,-1.428778585,-0.765079462,0,1,0,-0.02258302,0.697396196,0
2012,Paraguay,-1.520517595,-0.765079462,0,1,0,-0.069419483,0.668623465,0
2013,Paraguay,-1.428778585,-0.765079462,0,1,0,-0.134990532,0.668623465,0
2014,Paraguay,-1.245300566,-0.765079462,0,1,0,-0.050684898,0.5151689,0
2015,Paraguay,-0.786605518,-0.765079462,0,1,0,-0.134990532,0.543941631,0
2016,Paraguay,-0.419649479,-0.765079462,0,1,0,-0.097521361,0.045214292,0
2017,Paraguay,-0.419649479,-0.401107838,0,1,0,-0.013215727,0.083577933,0
2018,Paraguay,-0.419649479,-0.396669159,0,1,0,-0.041317605,0.035623381,0
2019,Paraguay,-0.419649479,-0.343405019,0,1,0,-0.069419483,0.083577933,0
2006,Peru,-1.061822547,-0.765079462,0,1,0,-0.191194288,-0.817967641,0
2007,Peru,-1.061822547,-0.321211627,0,1,0,0.014886151,-0.300058481,0
2008,Peru,-1.245300566,-0.321211627,0,1,0,0.11792637,-0.223331198,0
2009,Peru,-1.245300566,-0.321211627,0,1,0,0.192864712,0.352123423,0
2011,Peru,-1.245300566,-0.321211627,0,1,0,0.567556418,0.985123507,0
2012,Peru,-1.153561556,-0.321211627,0,1,0,0.576923711,0.889214404,0
2013,Peru,-0.970083537,-0.321211627,0,1,3,0.530087248,0.889214404,0
2014,Peru,-0.970083537,-0.321211627,0,1,3,0.455148906,1.081032611,0
2015,Peru,-0.511388489,-0.321211627,0,1,3,0.483250784,1.081032611,0
2016,Peru,-0.23617146,-0.321211627,0,1,3,0.455148906,1.081032611,0
2017,Peru,-0.32791047,0.49106651,0,1,3,0.595658296,1.090623521,0
2018,Peru,-0.511388489,0.428925013,0,1,3,0.576923711,1.090623521,0
2019,Peru,-0.603127499,0.393415586,0,1,7,0.492618077,1.023487149,0
2006,Philippines,-0.878344527,-0.765079462,0,1,0,-0.58462058,0.390487065,0
2007,Philippines,-0.694866508,-0.765079462,0,1,0,-0.612722458,0.390487065,0
2008,Philippines,-0.694866508,-0.765079462,0,1,0,-0.612722458,0.294577961,0
2009,Philippines,-0.878344527,-0.765079462,0,1,1,-0.537784117,0.27539614,0
2011,Philippines,-0.970083537,-0.765079462,0,1,2,-0.593987873,0.198668858,0
2012,Philippines,-0.603127499,-0.765079462,0,1,2,-0.509682239,-0.021922081,0
2013,Philippines,-0.23617146,-0.765079462,0,1,2,-0.406642019,-0.021922081,0
2014,Philippines,-0.144432451,-0.765079462,0,1,2,-0.228663459,-0.021922081,0
2015,Philippines,0.039045569,-0.765079462,0,1,2,-0.031950313,-0.031512991,0
2016,Philippines,0.130784578,-0.765079462,0,1,2,0.052355321,0.064396112,0
2017,Philippines,0.222523588,0.08714678,0,1,2,0.286537638,0.064396112,0
2018,Philippines,0.497740617,-0.09927771,0,1,2,0.230333882,0.476805258,0
2019,Philippines,0.589479626,0.064953389,0,1,2,0.11792637,0.237032499,0
2006,Qatar,0.681218636,0.122656207,0,1,0,-0.013215727,-0.108240274,0
2007,Qatar,1.048174674,0.122656207,0,1,0,0.033620736,0.064396112,0
2008,Qatar,1.139913684,0.122656207,0,1,0,-0.031950313,-0.472694868,0
2009,Qatar,0.589479626,0.122656207,0,1,0,0.305272224,0.563123451,0
2011,Qatar,1.506869722,1.010391876,0,1,0,0.745534979,0.639850734,0
2012,Qatar,1.782086751,1.010391876,0,1,0,0.82047332,0.649441645,0
2013,Qatar,1.96556477,1.010391876,0,1,0,0.82047332,0.649441645,0
2014,Qatar,1.96556477,1.010391876,0,1,0,0.811106028,0.390487065,0
2015,Qatar,1.873825761,1.010391876,0,1,0,0.773636857,0.582305272,0
2016,Qatar,1.782086751,0.788457959,0,1,0,0.764269564,0.582305272,0
2017,Qatar,1.690347742,1.223448436,0,1,0,0.989084588,0.706987107,1
2018,Qatar,1.323391703,1.023707911,0,1,0,0.942248125,0.726168928,1
2019,Qatar,1.506869722,0.766264567,0,1,1,0.942248125,0.716578017,1
2006,Russia,-1.337039576,-0.765079462,0,1,0,-0.949944994,-1.259149518,0
2007,Russia,-1.153561556,-0.765079462,0,1,0,-0.96867958,-1.259149518,1
2008,Russia,-0.878344527,-0.765079462,0,1,0,-1.193494604,-3.023877025,1
2009,Russia,-1.061822547,-0.987013379,0,1,0,-1.099821677,-1.431785904,1
2011,Russia,-1.245300566,-0.987013379,0,1,0,-1.127923555,-0.722058537,1
2012,Russia,-1.153561556,-0.987013379,0,1,0,-1.127923555,-0.722058537,1
2013,Russia,-0.878344527,-0.987013379,0,1,5,-1.071719799,0.160305216,1
2014,Russia,-0.786605518,-0.987013379,0,1,9,-0.996781458,-0.108240274,1
2015,Russia,-0.786605518,-1.208947296,0,1,12,-0.978046872,-0.069876633,1
2016,Russia,-0.511388489,-1.208947296,0,1,15,-1.118556262,-0.319240302,1
2017,Russia,-0.144432451,0.016127927,0,1,21,-0.509682239,-0.050694812,1
2018,Russia,0.039045569,0.064953389,0,1,23,-0.406642019,0.352123423,1
2019,Russia,-0.052693441,0.229184487,0,1,23,-0.341070971,0.198668858,1
2006,Singapore,1.96556477,1.898127545,0,1,0,2.384811196,0.889214404,0
2007,Singapore,2.14904279,1.898127545,0,1,0,2.300505562,1.368759922,0
2008,Singapore,2.240781799,1.898127545,0,1,0,2.319240148,1.368759922,0
2009,Singapore,2.14904279,1.898127545,0,1,0,2.300505562,1.368759922,0
2011,Singapore,2.05730378,1.898127545,0,1,0,2.309872855,1.368759922,0
2012,Singapore,2.05730378,1.898127545,0,1,0,2.337974733,1.368759922,0
2013,Singapore,2.05730378,1.898127545,0,1,0,2.384811196,1.368759922,0
2014,Singapore,2.14904279,1.898127545,0,1,0,2.515953294,1.368759922,0
2015,Singapore,2.14904279,1.898127545,0,1,0,2.515953294,1.368759922,0
2016,Singapore,2.240781799,1.898127545,0,1,0,2.366076611,1.368759922,0
2017,Singapore,2.14904279,2.213273707,0,1,0,2.441014952,1.368759922,0
2018,Singapore,2.240781799,2.270976526,0,1,0,2.459749538,1.368759922,0
2019,Singapore,2.332520809,2.226589742,0,1,0,2.515953294,1.829123619,0
2006,South Korea,0.589479626,0.122656207,0,1,0,0.108559078,0.198668858,0
2007,South Korea,1.415130713,0.122656207,0,1,0,0.089824492,-0.184967557,0
2008,South Korea,1.048174674,0.122656207,0,1,0,0.0804572,-0.146603916,0
2009,South Korea,0.314262597,0.122656207,0,1,2,0.11792637,-0.089058453,0
2011,South Korea,0.222523588,0.122656207,0,1,2,0.014886151,0.141123395,0
2012,South Korea,0.406001607,0.122656207,0,1,2,0.014886151,0.054805202,0
2013,South Korea,0.130784578,0.122656207,0,1,2,-0.069419483,0.054805202,0
2014,South Korea,-0.144432451,0.122656207,0,1,2,-0.003848435,0.035623381,0
2015,South Korea,0.314262597,0.122656207,0,1,4,0.005518858,0.083577933,0
2016,South Korea,0.497740617,0.122656207,0,1,6,-0.060052191,0.121941575,0
2017,South Korea,0.497740617,0.903863596,0,1,6,-0.02258302,0.150714306,0
2018,South Korea,0.681218636,0.908302274,0,1,8,0.042988029,-0.395967585,0
2019,South Korea,0.681218636,0.513259901,0,1,10,-0.397274727,0.026032471,0
2006,South.Africa,1.139913684,1.010391876,0,1,0,0.464516199,-1.028967669,0
2007,South.Africa,1.231652694,1.010391876,0,1,0,0.492618077,-0.626149434,0
2008,South.Africa,1.323391703,1.010391876,0,1,1,0.567556418,-0.894694924,0
2009,South.Africa,1.231652694,1.010391876,0,1,1,0.520719955,-0.53024033,0
2011,South.Africa,1.048174674,1.010391876,0,1,1,0.67996393,-0.472694868,0
2012,South.Africa,1.323391703,1.010391876,0,1,2,0.689331223,-0.300058481,0
2013,South.Africa,1.506869722,1.010391876,0,1,2,0.726800394,-0.300058481,0
2014,South.Africa,1.323391703,1.010391876,0,1,2,0.811106028,-0.300058481,0
2015,South.Africa,1.415130713,1.232325793,0,1,2,0.839207906,-0.300058481,0
2016,South.Africa,1.690347742,1.010391876,0,1,4,0.857942491,-0.108240274,0
2017,South.Africa,0.864696655,1.356608787,0,1,4,1.101492101,0.361714334,0
2018,South.Africa,0.497740617,1.42762764,0,1,4,1.054655637,0.448032527,0
2019,South.Africa,0.772957646,1.423188962,0,1,4,0.914146247,0.448032527,0
2006,Sri.Lanka,-0.511388489,0.122656207,0,1,0,-0.359805556,-0.415149406,0
2007,Sri.Lanka,-0.052693441,0.122656207,0,1,0,-0.294234507,-0.395967585,0
2008,Sri.Lanka,-0.144432451,0.122656207,0,1,0,-0.387907434,-0.587785792,0
2009,Sri.Lanka,-0.23617146,-0.321211627,0,1,0,-0.612722458,-0.453513047,0
2011,Sri.Lanka,0.222523588,-0.321211627,0,1,0,-0.509682239,-0.338422123,0
2012,Sri.Lanka,-0.052693441,-0.321211627,0,1,0,-0.397274727,0.131532485,0
2013,Sri.Lanka,-0.052693441,-0.321211627,0,1,0,-0.172459703,0.045214292,0
2014,Sri.Lanka,0.039045569,-0.321211627,0,1,0,-0.238030751,-0.204149378,0
2015,Sri.Lanka,0.497740617,-0.543145545,0,1,0,-0.369172849,-0.395967585,0
2016,Sri.Lanka,0.589479626,-0.321211627,0,1,0,-0.247398044,-0.319240302,0
2017,Sri.Lanka,0.314262597,0.03388264,0,1,0,-0.481580361,-0.117831184,0
2018,Sri.Lanka,0.039045569,-0.032697535,0,1,0,-0.44411119,-0.117831184,0
2019,Sri.Lanka,-0.052693441,-0.112593745,0,1,0,-0.575253287,0.045214292,0
2006,Switzerland,2.14904279,1.898127545,0,1,0,1.532387563,0.601487093,0
2007,Switzerland,2.240781799,1.898127545,0,1,0,1.448081929,1.081032611,0
2008,Switzerland,2.240781799,1.898127545,0,1,0,1.588591319,1.100214432,0
2009,Switzerland,2.05730378,1.898127545,0,1,0,1.579224027,0.927578045,0
2011,Switzerland,2.05730378,1.898127545,0,1,0,1.813406343,1.368759922,1
2012,Switzerland,1.96556477,1.898127545,0,1,0,1.738468002,1.368759922,1
2013,Switzerland,1.96556477,1.898127545,0,1,0,1.729100709,1.368759922,1
2014,Switzerland,1.96556477,1.898127545,0,1,0,1.785304465,1.368759922,1
2015,Switzerland,2.14904279,1.898127545,0,1,0,1.682264246,1.368759922,1
2016,Switzerland,2.424259819,1.898127545,0,1,0,1.729100709,1.368759922,1
2017,Switzerland,2.515998828,1.760528516,0,1,0,1.775937173,1.368759922,1
2018,Switzerland,2.332520809,1.640684201,0,1,0,1.794671758,1.368759922,1
2019,Switzerland,2.240781799,1.689509663,0,1,0,1.813406343,1.119396252,1
2006,Taiwan..China,0.956435665,1.010391876,0,1,0,0.670596638,0.582305272,0
2007,Taiwan..China,0.956435665,1.010391876,0,1,0,0.64249476,0.563123451,0
2008,Taiwan..China,0.956435665,1.010391876,0,1,0,0.726800394,1.05225988,0
2009,Taiwan..China,1.048174674,1.010391876,0,1,0,0.651862052,0.908396224,0
2011,Taiwan..China,1.048174674,1.010391876,0,1,0,0.773636857,1.004305328,0
2012,Taiwan..China,1.231652694,1.010391876,0,1,0,0.876677076,0.889214404,0
2013,Taiwan..China,1.231652694,1.010391876,0,1,0,0.951615418,0.889214404,0
2014,Taiwan..China,1.139913684,1.010391876,0,1,0,1.06402293,0.965941687,0
2015,Taiwan..China,1.231652694,1.010391876,0,1,0,1.176430442,1.023487149,0
2016,Taiwan..China,1.231652694,1.010391876,0,1,0,1.138961271,1.023487149,0
2017,Taiwan..China,1.231652694,1.742773803,0,1,0,1.307572539,1.004305328,0
2018,Taiwan..China,1.048174674,1.645122879,0,1,0,1.316939832,1.004305328,0
2019,Taiwan..China,1.323391703,1.693948341,0,1,0,1.382510881,1.081032611,0
2006,Tanzania,-0.694866508,-0.765079462,0,1,0,-0.378540141,-0.683694896,0
2007,Tanzania,-0.603127499,-0.765079462,0,1,0,-0.537784117,-0.204149378,0
2008,Tanzania,-0.878344527,-0.765079462,0,1,0,-0.565885995,-0.242513019,0
2009,Tanzania,-0.694866508,-0.765079462,0,1,0,-0.397274727,-0.01233117,0
2011,Tanzania,-0.511388489,-0.765079462,0,1,0,-0.519049531,-0.587785792,0
2012,Tanzania,-0.694866508,-0.765079462,0,1,0,-0.519049531,-0.213740288,0
2013,Tanzania,-0.603127499,-0.765079462,0,1,0,-0.434743897,-0.213740288,0
2014,Tanzania,-0.511388489,-0.765079462,0,1,0,-0.44411119,0.102759754,0
2015,Tanzania,-0.603127499,-0.765079462,0,1,0,-0.472213068,-0.837149462,0
2016,Tanzania,-0.23617146,-0.987013379,0,1,0,-0.378540141,-0.242513019,0
2017,Tanzania,-0.144432451,-0.596409685,0,1,0,-0.369172849,0.026032471,0
2018,Tanzania,0.039045569,-0.409985194,0,1,0,-0.247398044,0.112350664,0
2019,Tanzania,0.222523588,-0.525390831,0,1,0,-0.219296166,-0.760422179,0
2006,Thailand,0.314262597,0.122656207,0,1,0,0.071089907,-0.702876717,0
2007,Thailand,0.222523588,0.122656207,0,1,0,0.089824492,-0.146603916,0
2008,Thailand,-0.052693441,0.122656207,0,1,5,-0.02258302,-0.050694812,0
2009,Thailand,-0.511388489,0.122656207,0,1,5,0.042988029,-0.01233117,0
2011,Thailand,-0.694866508,-0.09927771,0,1,5,0.202232004,0.016441561,0
2012,Thailand,-0.694866508,-0.09927771,0,1,5,0.22096659,-0.050694812,0
2013,Thailand,-0.694866508,-0.09927771,0,1,5,0.146028248,-0.050694812,0
2014,Thailand,-0.694866508,-0.09927771,0,1,5,0.071089907,-0.069876633,0
2015,Thailand,-0.603127499,-0.321211627,0,1,5,-0.013215727,-0.031512991,0
2016,Thailand,-0.511388489,-0.321211627,0,1,7,0.127293663,0.179487037,0
2017,Thailand,-0.32791047,0.180359026,0,1,7,0.342741394,0.678214376,0
2018,Thailand,-0.144432451,0.06051471,0,1,7,0.427047028,0.706987107,0
2019,Thailand,-0.144432451,0.286887306,0,1,7,0.53945454,0.697396196,0
2006,Trinidad.and.Tobago,-0.694866508,1.010391876,0,1,0,0.736167686,-0.050694812,0
2007,Trinidad.and.Tobago,-0.694866508,1.010391876,0,1,0,0.754902272,0.313759782,0
2008,Trinidad.and.Tobago,-0.603127499,0.788457959,0,1,0,0.651862052,0.313759782,0
2009,Trinidad.and.Tobago,-0.603127499,0.566524041,0,1,0,0.511352662,0.390487065,0
2011,Trinidad.and.Tobago,-0.32791047,0.122656207,0,1,0,0.370843272,0.572714362,0
2012,Trinidad.and.Tobago,-0.419649479,0.122656207,0,1,0,0.174130126,-0.559013061,0
2013,Trinidad.and.Tobago,-0.511388489,0.122656207,0,1,0,-0.02258302,-0.559013061,0
2014,Trinidad.and.Tobago,-0.603127499,0.122656207,0,1,0,0.014886151,0.27539614,0
2015,Trinidad.and.Tobago,-0.419649479,0.122656207,0,1,0,0.146028248,0.27539614,0
2016,Trinidad.and.Tobago,-0.23617146,0.122656207,0,1,0,0.033620736,0.27539614,0
2017,Trinidad.and.Tobago,-0.144432451,0.331274089,0,1,0,-0.125623239,0.27539614,0
2018,Trinidad.and.Tobago,0.130784578,0.340151446,0,1,0,-0.453478483,-0.213740288,0
2019,Trinidad.and.Tobago,-0.144432451,0.224745809,0,1,0,-0.519049531,-0.702876717,0
2006,Turkey,-0.603127499,0.122656207,0,1,4,-0.519049531,0.505577989,0
2007,Turkey,-0.419649479,0.122656207,0,1,4,-0.481580361,0.505577989,0
2008,Turkey,-0.786605518,0.122656207,0,1,4,-0.247398044,1.06185079,0
2009,Turkey,-1.061822547,0.122656207,0,1,4,-0.088154069,1.04266897,0
2011,Turkey,-1.061822547,0.122656207,0,1,4,0.155395541,0.927578045,1
2012,Turkey,-0.511388489,0.122656207,0,1,6,-0.003848435,0.927578045,1
2013,Turkey,-0.23617146,0.122656207,0,1,6,0.033620736,0.908396224,1
2014,Turkey,-0.144432451,0.122656207,0,1,6,0.22096659,0.841259852,1
2015,Turkey,-0.144432451,-0.09927771,0,1,6,0.061722614,0.850850762,1
2016,Turkey,-0.144432451,-0.321211627,0,1,6,-0.041317605,0.831668942,1
2017,Turkey,-0.144432451,0.62422686,0,1,6,0.249068468,0.352123423,1
2018,Turkey,-0.144432451,0.331274089,0,1,7,0.267803053,0.27539614,1
2019,Turkey,0.039045569,0.380099551,1,0.5,12,0.192864712,0.371305244,1
2006,Uganda,-1.245300566,-0.765079462,0,1,0,0.127293663,-0.165785736,0
2007,Uganda,-1.061822547,-0.765079462,0,1,0,0.052355321,-0.664513075,0
2008,Uganda,-1.061822547,-0.765079462,0,1,0,0.11792637,-0.357603944,0
2009,Uganda,-1.245300566,-0.765079462,0,1,0,0.089824492,-0.050694812,0
2011,Uganda,-0.511388489,-0.765079462,0,1,0,-0.078786776,-0.089058453,0
2012,Uganda,-0.511388489,-0.765079462,0,1,0,-0.060052191,-0.204149378,0
2013,Uganda,-0.970083537,-0.765079462,0,1,0,-0.134990532,-0.204149378,0
2014,Uganda,-1.061822547,-0.765079462,0,1,0,-0.247398044,-0.031512991,0
2015,Uganda,-0.511388489,-0.987013379,0,1,0,-0.266132629,0.083577933,0
2016,Uganda,-0.32791047,-0.987013379,0,1,0,-0.3036018,-0.280876661,0
2017,Uganda,-0.419649479,-0.352282376,0,1,0,-0.153725117,0.246623409,0
2018,Uganda,-0.419649479,-0.165857885,0,1,0,-0.050684898,0.227441589,0
2019,Uganda,-0.419649479,-0.223560704,0,1,0,-0.266132629,-0.031512991,0
2006,Ukraine,-1.153561556,-0.765079462,0,1,0,-0.762599141,0.141123395,0
2007,Ukraine,-1.061822547,-0.765079462,0,1,0,-1.034250628,0.141123395,0
2008,Ukraine,-1.061822547,-0.765079462,0,1,0,-1.081087092,0.620668914,0
2009,Ukraine,-1.153561556,-0.765079462,0,1,0,-1.28716753,0.7933053,0
2011,Ukraine,-1.153561556,-0.765079462,0,1,1,-1.56818631,0.908396224,1
2012,Ukraine,-1.061822547,-0.765079462,0,1,1,-1.540084432,0.831668942,1
2013,Ukraine,-1.245300566,-0.765079462,0,1,1,-1.521349847,0.831668942,1
2014,Ukraine,-1.061822547,-0.765079462,0,1,3,-1.240331067,1.004305328,1
2015,Ukraine,-0.694866508,-1.208947296,0,1,5,-1.465146091,0.965941687,1
2016,Ukraine,-0.603127499,-0.987013379,0,1,5,-1.474513384,0.965941687,1
2017,Ukraine,-0.511388489,-0.25907013,0,1,12,-1.352738579,0.975532597,1
2018,Ukraine,-0.419649479,-0.276824844,0,1,12,-0.996781458,0.5151689,1
2019,Ukraine,-0.419649479,-0.148103172,0,1,12,-0.959312287,-0.069876633,1
2006,United.Arab.Emirates,0.681218636,0.122656207,0,1,0,-0.031950313,-0.069876633,0
2007,United.Arab.Emirates,0.864696655,-0.321211627,0,1,0,0.005518858,-0.069876633,0
2008,United.Arab.Emirates,1.231652694,-0.321211627,0,1,0,0.005518858,0.448032527,0
2009,United.Arab.Emirates,1.598608732,-0.321211627,0,1,0,0.202232004,0.486396168,0
2011,United.Arab.Emirates,1.048174674,0.122656207,0,1,0,0.492618077,0.659032555,0
2012,United.Arab.Emirates,1.231652694,0.344590124,0,1,0,0.633127467,0.659032555,0
2013,United.Arab.Emirates,1.323391703,0.344590124,0,1,0,0.801738735,0.659032555,0
2014,United.Arab.Emirates,1.506869722,0.344590124,0,1,0,0.829840613,0.649441645,0
2015,United.Arab.Emirates,1.506869722,0.344590124,0,1,0,0.92351354,0.639850734,0
2016,United.Arab.Emirates,1.690347742,0.344590124,0,1,0,0.942248125,0.678214376,0
2017,United.Arab.Emirates,1.690347742,1.307783325,1,0.5,2,1.34504171,0.745350748,1
2018,United.Arab.Emirates,1.323391703,1.290028612,1,0.5,2,1.410612759,0.822078031,1
2019,United.Arab.Emirates,1.598608732,1.53415592,1,0.5,2,1.410612759,0.831668942,1
2006,United.Kingdom,2.05730378,1.898127545,0,1,5,1.672896953,0.639850734,0
2006,United.States,1.873825761,1.898127545,0,1,15,1.747835295,0.543941631,0
2007,United.States,1.415130713,1.898127545,0,1,24,1.747835295,1.04266897,0
2008,United.States,1.598608732,1.898127545,0,1,28,1.729100709,1.06185079,0
2009,United.States,1.415130713,1.898127545,0,1,47,1.700998831,1.06185079,0
2011,United.States,1.048174674,1.676193627,0,1,62,1.429347344,1.023487149,0
2012,United.States,1.048174674,1.676193627,0,1,79,1.288837954,1.023487149,0
2013,United.States,1.231652694,1.676193627,0,1,83,1.260736076,1.023487149,0
2014,United.States,1.415130713,1.45425971,0,1,85,1.213899613,1.06185079,0
2015,United.States,1.782086751,1.45425971,0,1,91,1.279470661,1.081032611,0
2016,United.States,1.873825761,1.45425971,0,1,98,1.20453232,1.081032611,0
2017,United.States,1.782086751,1.511962529,0,1,104,1.176430442,1.090623521,0
2018,United.States,1.873825761,1.423188962,0,1,156,1.232634198,1.05225988,0
2019,United.States,1.690347742,1.423188962,0,1,166,1.335674417,1.04266897,0
2006,Uruguay,-0.144432451,1.010391876,0,1,0,0.25843576,0.064396112,0
2007,Uruguay,0.039045569,1.010391876,0,1,0,0.548821833,0.563123451,0
2008,Uruguay,0.039045569,1.010391876,0,1,0,0.50198537,0.697396196,0
2009,Uruguay,0.039045569,1.010391876,0,1,0,0.614392882,0.735759838,0
2011,Uruguay,0.130784578,1.010391876,0,1,0,0.698698516,0.697396196,0
2012,Uruguay,0.130784578,1.010391876,0,1,0,0.689331223,0.687805286,0
2013,Uruguay,0.222523588,1.010391876,0,1,0,0.670596638,0.687805286,0
2014,Uruguay,0.222523588,1.010391876,0,1,0,0.633127467,0.649441645,0
2015,Uruguay,0.589479626,1.010391876,0,1,0,0.567556418,0.582305272,0
2016,Uruguay,0.864696655,1.010391876,0,1,0,0.586291004,0.467214348,0
2017,Uruguay,0.772957646,1.019269233,0,1,0,0.670596638,0.467214348,0
2018,Uruguay,0.772957646,0.979321127,0,1,0,0.623760174,0.448032527,0
2019,Uruguay,0.772957646,0.934934344,0,1,0,0.567556418,0.27539614,0
2006,Venezuela,-1.520517595,-0.765079462,0,1,0,-1.680593822,-1.220785876,0
2007,Venezuela,-1.612256604,-0.765079462,0,1,0,-1.371473164,-1.393422263,0
2008,Venezuela,-1.703995614,-1.652815131,0,1,0,-1.67122653,-2.026422347,0
2009,Venezuela,-1.703995614,-1.874749048,0,1,0,-2.120856578,-1.546876829,0
2011,Venezuela,-1.887473633,-1.874749048,0,1,0,-2.336304309,-1.393422263,0
2012,Venezuela,-1.979212643,-1.874749048,0,1,0,-2.289467846,-1.623604112,0
2013,Venezuela,-2.070951652,-1.874749048,0,1,0,-2.476813699,-1.623604112,0
2014,Venezuela,-2.070951652,-1.874749048,0,1,0,-2.458079114,-1.249558607,0
2015,Venezuela,-1.979212643,-1.874749048,0,1,0,-2.645424967,-1.239967697,0
2016,Venezuela,-1.703995614,-1.874749048,0,1,0,-2.701628723,-1.201604056,0
2017,Venezuela,-1.703995614,-1.794852838,0,1,0,-3.329237332,-1.441376815,0
2018,Venezuela,-1.979212643,-1.865871691,0,1,0,-3.4978486,-1.633195022,0
2019,Venezuela,-1.795734624,-1.759343411,0,1,0,-3.432277552,-1.508513187,0
2006,Vietnam,-1.153561556,-1.652815131,0,1,0,-1.127923555,-1.738695036,0
2007,Vietnam,-0.970083537,-1.652815131,0,1,0,-1.193494604,-1.892149602,1
2008,Vietnam,-0.786605518,-1.652815131,0,1,0,-1.137290848,-1.239967697,1
2009,Vietnam,-0.786605518,-1.652815131,0,1,0,-1.081087092,-1.182422235,1
2011,Vietnam,-1.245300566,-1.430881213,0,1,0,-1.024883336,-0.654922165,1
2012,Vietnam,-1.153561556,-1.430881213,0,1,0,-1.052985214,0.371305244,1
2013,Vietnam,-0.878344527,-1.430881213,0,1,0,-1.081087092,0.27539614,1
2014,Vietnam,-0.694866508,-1.430881213,0,1,0,-1.099821677,0.284987051,1
2015,Vietnam,-0.23617146,-1.430881213,0,1,0,-1.015516043,0.27539614,1
2016,Vietnam,-0.144432451,-1.430881213,0,1,0,-0.800068311,0.697396196,1
2017,Vietnam,-0.23617146,0.109340172,0,1,0,-0.949944994,0.706987107,1
2018,Vietnam,-0.32791047,-0.037136213,0,1,0,-0.884373946,0.284987051,1
2019,Vietnam,-0.144432451,0.11377885,0,1,0,-0.678293507,0.332941603,1
2006,Zambia,-1.337039576,0.122656207,0,1,0,-0.537784117,-0.913876745,0
2007,Zambia,-1.061822547,-0.321211627,0,1,0,-0.593987873,-0.472694868,0
2008,Zambia,-0.419649479,-0.321211627,0,1,0,-0.593987873,-0.434331226,0
2009,Zambia,-0.23617146,-0.765079462,0,1,0,-0.556518702,-0.434331226,0
2011,Zambia,-0.23617146,-0.765079462,0,1,0,-0.266132629,0.639850734,0
2012,Zambia,-0.052693441,-0.765079462,0,1,0,-0.397274727,0.630259824,0
2013,Zambia,0.039045569,-0.765079462,0,1,0,-0.359805556,0.630259824,0
2014,Zambia,0.130784578,-0.765079462,0,1,0,-0.200561581,0.850850762,0
2015,Zambia,0.406001607,-0.765079462,0,1,0,-0.359805556,0.102759754,0
2016,Zambia,0.314262597,-0.765079462,0,1,0,-0.350438263,0.237032499,0
2017,Zambia,0.130784578,0.104901494,0,1,0,-0.631457043,0.246623409,0
2018,Zambia,-0.144432451,-0.054890927,0,1,0,-0.771966433,0.246623409,0
2019,Zambia,-0.23617146,-0.09927771,0,1,0,-0.837537482,-0.300058481,0
2006,Zimbabwe,-0.694866508,-1.652815131,0,1,0,-2.720363309,-2.736149714,0
2007,Zimbabwe,-0.878344527,-1.652815131,0,1,0,-2.860872699,-2.218240554,0
2008,Zimbabwe,-0.878344527,-1.652815131,0,1,0,-3.095055016,-1.949695064,0
2009,Zimbabwe,-0.878344527,-1.874749048,0,1,0,-3.732030917,-2.429240582,0
2011,Zimbabwe,-0.694866508,-1.874749048,0,1,0,-3.788234673,-2.947149742,0
2012,Zimbabwe,-0.694866508,-1.652815131,0,1,0,-3.394808381,-2.429240582,0
2013,Zimbabwe,-0.786605518,-1.652815131,0,1,0,-3.17936065,-2.429240582,0
2014,Zimbabwe,-0.878344527,-1.652815131,0,1,0,-2.533017455,-2.064785988,0
2015,Zimbabwe,-0.419649479,-1.652815131,0,1,0,-2.336304309,-1.661967753,0
2016,Zimbabwe,-0.23617146,-1.652815131,0,1,0,-2.280100553,-2.448422403,0
2017,Zimbabwe,-0.419649479,-0.884923777,0,1,0,-1.736797578,-2.199058733,0
2018,Zimbabwe,-0.419649479,-0.871607742,0,1,0,-1.736797578,-0.635740344,0
2019,Zimbabwe,-0.32791047,-0.778395497,0,1,0,-2.074020115,-0.549422151,0